,Title,Price,item_link
0,Boek :: Blanc De Chine - Divine Images in Porcelain,"€ 21,00",https://www.2dehands.be//a/antiek-en-kunst/antiek-porselein/a71729635-boek-blanc-de-chine-divine-images-in-porcelain.html?c=d97e27c274e75147b4afd0f5eb58c81b&casData=JaVnmQDOfQkljftbjkNdHO6BhkvBG9V1af6DXC7ZocEvngsyXTtJNwT7TGub6jRu2SZQfyv514m82aIYGXIBzG3UloqeplNMmSK4lNiHFoN7fn7y9jfJOzX7Y4n5yY3eCQ80T-qQbTaCSaSn0peeZEgCMgPQU3nQ6ziwpBmWw-izrNOYv6Z3E6MUfaAsZXSHATmrWh8p5_C5uDIDuxsoVJVeL2cYLnAsVirLmcJchQCSjp8fFFtE2iq4RPwjY19y2iJDICeOgqXZRyc_l5WYtnioMJBie2Hl8C9ceekNqC3K9dr5nDnGm06p0znDMvqIwWk0fDKleohXTvvwEWfFkDY-URMCZS4i0xdROUozcvTq2XM2iLRFJ_Bp9P8lVCevaem_IC4jrNaJbIgp7bUSRrxEVEttGAHjmytIm5wdviB2i4aUg90yWAXSi7At8NwOI4xbmjdyYO4X_Lr37-DWVm_EWB7hRVx2D94efLAEskU4MyRmfZgN0CWlCR4ErMwZDCElnIOhTvmMsOtALy4jsm3277lbet2rwQPDiRLyvlw4C0_LEatLiD9h2QobkBGUpQDQqWIn69x3TCrptvaQouGHSkxdFaqR2yYtfsKn1DI&previousPage=lr
1,Boek :: Peranakan Chinese Porcelain - Vibrant Festive Ware o,"€ 32,00",https://www.2dehands.be//a/antiek-en-kunst/antiek-porselein/a71729139-boek-peranakan-chinese-porcelain-vibrant-festive-ware-o.html?c=d97e27c274e75147b4afd0f5eb58c81b&casData=lYZ1IB5PZTtq0TeRMCSYyRAEzKI-f5pK2FEi64ttSbcclSaZ3SJ8xILBgASXgiLfTyjkk4Nfg8WIU3-_t3_l4W9JM9K2xsIsR1BwaB5IEyZYQIzHdN7cMrF6EVGJ5gRh4CVF0IgndGZqRLr7YUP0zuVS2L2_ZAEEodZxOc0mSF-J4eawpCDpH-4QtZ3DcMkT-2DyjTautpFrSMgeNBk9FqanOOt5uNmVkRkPJhF_N4CmTYEbkFl183b_6U_iuIv_NMsiIZwW1mTK5PooQwdBE513xPILN7LFw7OlDtptzN2yytJaS6-d74x7GmCLapTVMhPuzX6u4x-gxM1vh57ldxqMp4PgzD4dCbkFPkUuqcAI3bUL4VydJ3hpGwPbq6f73s7IozXXh_Lp4r4zBHIOefgM26jaantBgroo5ybhU15m1wZvHH46vDgSbTtUdUAyHbsN6VcxmANi83IHHTQW1n-RnF8zb-FaGvWuiv4hiBxqQfYysF-LYOixFL1WVyAM1KJrgjcxHHvFg4aEH4sZvXTk8LzSUO0O0yeHANOZ8NsP1uylbbhVfogpqaioSN40iG4Mkg4HagIXtca3CKBw2rT2EvL7PdXkq9gIZOhbzCk&previousPage=lr
2,ACTIE! Porcher Ulysse jachtbak porselein wit,"€ 71,99",https://www.2dehands.be//a/doe-het-zelf-en-bouw/sanitair/a70929970-actie-porcher-ulysse-jachtbak-porselein-wit.html?c=d97e27c274e75147b4afd0f5eb58c81b&casData=2K8FuUZ3uaTvfybiI2PJDSHO0Pmw6X_6ks9rsMGl2_TSv9ygfFRfAl6MBjlR9LiyfBj8amESo2-dsOXwz4798g1vLwAKgiOEvFK4OZPnvPAK7Y1sXFxy0-wRGA-1MEcKWJXVUohfA9IcWC83xipfKfZpd6vkMgJ-r70MnA2d1QQJqWEyAQ0XO8a3KcfqKtASy2a6P-FXSFX7i_twsBcjpN_-tga0rgKf56VVhAwUWsNJ4ksXSJH9_3MoZx1QgAw8IWeHvhSfaq-T_FnEc3T90br8V3zZZBjC36T5c0uShDEMnulF7cZRmljO0FOBHNYngWGV0u0IgHQFLiyz_IG-0ve6CShCRgy_V3nHCuTfNMOUwjryAF2Q18l1uxpjT4cphNOH-szcLCt1YeKak_Als5ubuRPZJp0HsZj_IqBU0VEebnSEndmbJu7i04SoBfyfHtWEgx5dBmIFVCuqrHTOs_IVXKKPZncRHmNWXrJzkddEi4B6NgKSxBH3JEzmjMB0GuIU2QsyxMPLRPc65M3U1eUfEg0BT8HbkkfPdbvojbuSc3y3t_YX6DCaZemADkFBHXPLkw2bKvvGd4ZRXR_7IdYrzUzuwIN83qKXWZ3PWnq7TPJ4U1_PJdzWSb_0oOoa&previousPage=lr
3,bronzen porseleinen vaas,"€ 270,00",https://www.2dehands.be//a/antiek-en-kunst/antiek-woonaccessoires/m1667607287-bronzen-porseleinen-vaas.html?previousPage=lr
4,"Diverse schilderijen, porselein en Napoleon",Op aanvraag,https://www.2dehands.be//a/antiek-en-kunst/kunst-schilderijen-klassiek/m1644811018-diverse-schilderijen-porselein-en-napoleon.html?previousPage=lr
5,68 delig porseleinen servies Hutschenreuther Leonard Paris,"€ 1.195,00",https://www.2dehands.be//a/huis-en-inrichting/keuken-servies/m1645441530-68-delig-porseleinen-servies-hutschenreuther-leonard-paris.html?previousPage=lr
6,Boek :: Blanc De Chine - Divine Images in Porcelain,"€ 21,00",https://www.2dehands.be//a/antiek-en-kunst/antiek-porselein/a71729635-boek-blanc-de-chine-divine-images-in-porcelain.html?c=08c285449651fa109c354bbabe740c1b&casData=7O4DQWFsFzD_qISiy7T2jaxR325FGdeweSmD-dSObLblu1D-A7IKqZi0GN8FC3ICQOiJ9M5n-BfxryEMEPIHWraP_8kdde-0ds3GY9JF6MTINPqAIU64jHPAaetzEoVAEpLci3tCVIQnncCmiZ1S0tE6EktmolID6VXJLFeYhZqlF-v_Lw6IgelnZ8GpEPo68L-jg68mKkoTzC437uR7i8mRnjBjUL1LwXbiOJzmoKs7YvqiUGZcCFtj_xuaupfrfoUtIJo8diN9msJsfyhYay6oMVSmNkKFeX1hPA48eLoawEqYHh9oL1kMlNblPYuZzc5BWhHJ2pA6NKmUoGndMIILcY4dM7v_id7CH8aP0wwx3h3E0IIUWvdhY1uzg3szoGkwSY-dMxjU0IKLA2E5rEw3yQcUY16uLxBF_eaUhwsDFZViGAdZMyYw-GBxA3RgmpSNWQbFBxIaprpCrbSC1J_lC-poPEMgdCTSzk0ltgNt0T8pHOpiQ_IQ4lfQHxCEAbjxD-_J1xwAjKrtccQR0PtZ8UYlj3f1ryv7rgedIDCPspWUlZBZLA_2d2H9l0tgyXwcoW8XN6BWNWl3iS36L4SuyDljOWFdwKf8untokg8&previousPage=lr
7,Chinees beeldje,"€ 120,00",https://www.2dehands.be//a/verzamelen/beelden-en-beeldjes/m1658434768-chinees-beeldje.html?previousPage=lr
8,porseleinen poppen,Bieden,https://www.2dehands.be//a/verzamelen/poppen/m1669199942-porseleinen-poppen.html?previousPage=lr
9,60/60 gerectificeerde porseleinen steengoedtegel voor het he,"€ 13,00",https://www.2dehands.be//a/doe-het-zelf-en-bouw/tegels/m1670539914-60-60-gerectificeerde-porseleinen-steengoedtegel-voor-het-he.html?previousPage=lr
10,Boek :: Peranakan Chinese Porcelain - Vibrant Festive Ware o,"€ 32,00",https://www.2dehands.be//a/antiek-en-kunst/antiek-porselein/a71729139-boek-peranakan-chinese-porcelain-vibrant-festive-ware-o.html?c=08c285449651fa109c354bbabe740c1b&casData=HSZzKr0oRQIkV7ZjF-QKhR40diZ7VbB9HC1rUWIK2NpfCZlzalKR4n__oa2vnW-wT07Msk2bKEz4LbdGMbXYZgxAGCCFBdBQ4i4tLjVvcOaloUugLVdD89TG3hjWjWlGbmNzFVqQh3JNlxIY7lFWIRrsjQEyo8Of-G7fNU_XZtNHP5UdfBEBYhE7TuOe6CVmcjsMlG6FHgDS-tTNha8JLUYm0NO-ReID3v2JNBoWNJFn5qb7OmYDa2DNDMVR1gR10ZQa16mmcl51VWkJy9td82JZiiMU4ICWuPylUvSfK82IYn4JjLsVO2czPUX5Y5x6Eem6Tq6btrVER87-rMxxagjkGjhPdVdO2zkN2vM3DKXYisvihU0zDEbE3XH16Zzto_wlMThwRsRmd14NDFWJWTXnQjzOtluK50Ddy9dCRQRk3mcl0QHpPhB4tzh0_aVd6HmBtEGWODw4_flFLLTy7XytsQDfRgSQHs2Fzx-To4EUNoGEoLYcTA-SDNYJod1A7kp16EcfdvNV54gqvZUdlcq7rQRb86PaRoDeUyDsKm6BZpV2NCx4bzMJ66pwFugxL3upRW6d_bsk7U7btbJ3S31do-4xxpQDjqMKhzCNYjA&previousPage=lr
11,garageverkoop van 23/02 tot 28/02,Zie omschrijving,https://www.2dehands.be//a/diversen/rommelmarktspullen/m1669208982-garageverkoop-van-23-02-tot-28-02.html?previousPage=lr
12,Koffietassen Wit - Cappuccino Wit - Serveerplank hout,"€ 1,00",https://www.2dehands.be//a/huis-en-inrichting/keuken-servies/m1670963901-koffietassen-wit-cappuccino-wit-serveerplank-hout.html?previousPage=lr
13,100m² Tegels keramisch vloertegels: binnen / buiten,"€ 36,00",https://www.2dehands.be//a/doe-het-zelf-en-bouw/tegels/m1668755860-100m2-tegels-keramisch-vloertegels-binnen-buiten.html?previousPage=lr
14,ACTIE! Porcher Ulysse jachtbak porselein wit,"€ 71,99",https://www.2dehands.be//a/doe-het-zelf-en-bouw/sanitair/a70929970-actie-porcher-ulysse-jachtbak-porselein-wit.html?c=08c285449651fa109c354bbabe740c1b&casData=rmCrnjG2dbmNYKfA7ccP7yoMvbmKlAqESREDWoOP8Ju2muJpbF9zaDyBsWSXRMnXxMtz_n9lrcWWa4KmcWF3KwJ5P8s_9PSA-Aoee1XXhnojXDrLEtSbkDR6rnj-KWk6OcpOVNV7Lw52Toy6muOEqX_EUnL4_ZzKyjGwyHdXhs40gqR72kYVbPIOkpjJfjeuV-UcDKX5n4bP2kFrPSZTuvW4iojOETsDQQnTY3_p0Nj27SxHDd0dv7Sxrsk9_6VuZax-O7RjN5CUGetJgZXg6BZTHNMPrvtzBBKH97e0nc9-F_EqPj6subMGfWj2hSG5mB809rNw588LwejxcR7bzC8TGCUH9xeMPiUFWHOFon0Zq5bkZcgmzZmdXR9vqphJkocbrcIgi_C1DLae1JW9m1xBLBh58tisH8ZNGadS9TZGwj-9O_rb9ndAaaXmJMmHfjE59nGt-V8eXa_gNf35U5-3A8JEfMCVNDcgFyh7Ny2lNkpIuO7GtlgWyRzLZmmE6wBvdBl84pq9cHRIQpxCUiYjZd9d3GOJnECcKa07SC58-Z1o1tZPqGIUc7Q-k1yEkC5YF-wHgaIH4WDQJvHYRCAksjIzrgKMr1Ufk9NyMd3V-P0ZKNYGYKFmgYURz6ja&previousPage=lr
15,Vintage Spage Age Brocante Woonaccesoires Glas Kunst Meubels,Zie omschrijving,https://www.2dehands.be//a/verzamelen/retro/m1470581549-vintage-spage-age-brocante-woonaccesoires-glas-kunst-meubels.html?previousPage=lr
16,porselein,"€ 1.500,00",https://www.2dehands.be//a/antiek-en-kunst/antiek-porselein/m1670790134-porselein.html?previousPage=lr
17,Porselein,"€ 100,00",https://www.2dehands.be//a/antiek-en-kunst/antiek-porselein/m1671290403-porselein.html?previousPage=lr
18,Van Heck Titanic Waskom 50x41x17cm ovaal porselein wit,"€ 425,00",https://www.2dehands.be//a/doe-het-zelf-en-bouw/sanitair/a55459818-van-heck-titanic-waskom-50x41x17cm-ovaal-porselein-wit.html?c=08c285449651fa109c354bbabe740c1b&casData=khYyM7OC4OLK50sArqb8ThK2RgXnDtYsqv6ZDIR9ekggjqO4AUCAAPTak5qX8KuDuVyvKfZA5pBaQ-VKDGKQV8T-yI895JqHeyt0whl3Ws7yJ3ZWRa2NaSl-U7CnWjiOcIfe0DDNkyqHBVFLoT0wWtoR5hyjUOUGBNElIKqLIT7oG6Gy972objNFavx1Dl72GDVTRT_REGtstO6VeTlKoA7gUQWYDZTbPnDG9qb1zSsM_5iyx5b3v265aeQMkwTg0Gd1NSZeuUwc330-2r5Xyt5SJ-g3lT2NEHsgB0Nf73Otch0cy25jkKbUbhBf3yf3b_ZeN7tRk-tlq2HkfDqhBC1idcEGuFq1QxDbcaRqEAjimijrypcSaLmTW9yugVdUR_obPqYVHvdHcOrpiRZljLyAE7WEJmE7-k3YTG1P0umF4bHh2MSiS400TIxLxWUxNhAtTrtqtD4fZNzGXwSl-i14CrR1xUwmi4d9hLsO2DQe_l-SyPFZPWLYeqr6AePMOtCGiH_aPqRZzf-iXktVF_sgjhKL_yI94OJnIc8Ybe-kr2c2nvw_s1NWAbIuf65YsavJi2Aay3xTXWp18qIHlIIVILC32mQggMV5ukrRVI8&previousPage=lr
19,Russische porseleinen beeldjes,"€ 35,00",https://www.2dehands.be//a/antiek-en-kunst/antiek-porselein/m1670248058-russische-porseleinen-beeldjes.html?previousPage=lr
20,Chinees porselein theeservies,"€ 50,00",https://www.2dehands.be//a/antiek-en-kunst/antiek-porselein/m1671263909-chinees-porselein-theeservies.html?previousPage=lr
21,"Prachtig porseleinen Lladro beedje ""koala""","€ 85,00",https://www.2dehands.be//a/antiek-en-kunst/antiek-porselein/m1671286997-prachtig-porseleinen-lladro-beedje-koala.html?previousPage=lr
22,Luca Varess Cubic midi Lave-mains blanc brillant Porcelaine,"€ 99,00",https://www.2dehands.be//a/huis-en-inrichting/badkamer-badkamermeubels/a67519834-luca-varess-cubic-midi-lave-mains-blanc-brillant-porcelaine.html?c=08c285449651fa109c354bbabe740c1b&casData=aINQ9wM829XLo5ehk32Qz3gOln1antcj_XHZ9tNdjoNeCd3p0HIJx5dPu4Wdv0ytDzGEqrprww-btT0H11iQRVQXqBX_zGLtYmDwoo9xkrFscNq2CZ5mWDqJAxalGQXvBW4nGa8udXbqnbXeLZHGpJ1dNhURl5-nk5-Pqk0ppfT7oz-AV6uY5Xk_Tv_wrv2ncWZRUvjRCbnhJeF07ozWNisXmLFmqWyeV_iGKFMkf-NnI5Evo72CnvOffPobQ7QV8H1PXnEqUCjVa6wlN-ttjDyZW91mUWJk5MxVyR_tqc3sHEhtXXUnaQMaY2jmUCH69EjnLJ5bQg8iHiRhHBK6hbYz_vfmhQ4EQ8tWUj_3nFZNJa5oD30QrfTM0vY54xK7udJPUJQSwB_jC-XyhErQM8OP0e5OJw5Ek69Ikl5U33tpAdo3a_cRmxYqIbfoET2fvCKjAh6en2vdakg8C6XOw37ADKWMyY_sVj4cItKCgz2cr851HgtKQxQ6B5spqwuWB3nRzubmZ1p37TmptUuh3td6m8dH8UQ3MMLTXLsi1xZwRFNPeN89dkHTZfA_p_4e3531dMgibNKaf9DIkDp0AcTfLMCncDqqJOGRHb8H0GUxYZrSrXRNytOHPZ7lCjFj&previousPage=lr
23,Set antiek zeepbakje en kammenbakje porselein,"€ 12,00",https://www.2dehands.be//a/antiek-en-kunst/antiek-porselein/m1671250769-set-antiek-zeepbakje-en-kammenbakje-porselein.html?previousPage=lr
24,Chinees porseleinen bord,Bieden,https://www.2dehands.be//a/antiek-en-kunst/antiek-porselein/m1671201043-chinees-porseleinen-bord.html?previousPage=lr
25,Tvee stuks antieke vaasje:porselein,"€ 41,00",https://www.2dehands.be//a/antiek-en-kunst/antiek-porselein/m1671221583-tvee-stuks-antieke-vaasje-porselein.html?previousPage=lr
26,H.T. Limoges France - Service à café Art Déco en porcelaine,Zie omschrijving,https://www.2dehands.be//a/antiek-en-kunst/kunst-designobjecten/a71820881-h-t-limoges-france-service-a-cafe-art-deco-en-porcelaine.html?c=08c285449651fa109c354bbabe740c1b&casData=UGaMgeeVmeroCPjoO0ivotiCST7dYTj6RN_lxnlab_UH-qcso23PdXl_rMbrQ0m0HJPnhTgLV4EdrtpcpGdXyQ1Rb7fruoS3mRz0xytPMqNz7aW_jUzQT9B0MR91vzRczkvJXd9KDnpKjTx9TRS0VuIxdxYCQt4sGz8ZVTeL6DubeH2DGzLhJirAz6oA1BsHCUdGnDt1ZkmjU_BZNX71ip6Dh0lM22P2US6791B0xDIAC6Qil3r1qvoULrexuvJOynHc45S-Ubz9_nUVYc0uYLDZpnOvqRrHSWYLXe6rlwT7g3nf3qh8nYD7NLhjAg8y6qMQjlbKiIxbxFfw9TEblklm_2cOB52haJzSJ1DHpUe5udnnzB0cpbAbrUSv8pUBlo_Yuizr5x28F0qzxe9m9w_lz8aDhDad_YafRo3eslPDSt5bDxE6XYtso6Hdd0406Fcw8Pc-Fv6wPwD2grgKYuirzpB_YKzclblQ8d4-euDxo5Qn0-HWO4bX0OCnW_66JNDwNzqeDMi7dh71_jBCKxr1ZuLw5_YKjsx6Bm8jWEGOz-CKfi434zNY9m-IWWPdlUPKoUdQzCrStxlft6YZ9mE5wFli6NaGgxFWWXdovAA&previousPage=lr
27,koffieservies in porselein,"€ 30,00",https://www.2dehands.be//a/antiek-en-kunst/antiek-servies-compleet/m1671167574-koffieservies-in-porselein.html?previousPage=lr
28,Porseleinen bordjes en vaasjes,Bieden,https://www.2dehands.be//a/antiek-en-kunst/curiosa-en-brocante/m1671258783-porseleinen-bordjes-en-vaasjes.html?previousPage=lr
29,Porseleinen setje mini’s Duits,"€ 12,00",https://www.2dehands.be//a/antiek-en-kunst/antiek-porselein/m1671188602-porseleinen-setje-mini-s-duits.html?previousPage=lr
30,Linie Lavo vasque à poser porcelaine Ø32cm,"€ 199,90",https://www.2dehands.be//a/huis-en-inrichting/badkamer-badkamermeubels/a67500913-linie-lavo-vasque-a-poser-porcelaine-o32cm.html?c=08c285449651fa109c354bbabe740c1b&casData=a3k6itYAeNRx0Hvc_Yvx3jZbpsldQpJA88DFO7aFcezcSoo5NX0-EvqwWmW3knFGCmcxAOk02vdgHyxMi8_E-6CEcEAE2-2-bJyAqKbG7kn3Jtw4T4q7Z0NPuuw1zjUcsSjCl95kWHVvJ4BiDEb4Dt25RYF0nwPnFw1hbC6A_gRa9VOktzFDPf9-yprBA-V9OCMZeuO9FUVC--sW1HpolKy4xGIOzMLkg6pzfMRy3vBS9anF725C7fSaDKqnlSPkvP-0jfNnWR3zn61W9u_RBWI6CFtO39WVWaW5QXzCO2Xtc52shqUZZgcCetJTPl1lyF0epEjNzOWb3J9l0bOEmJ7s-9w2hnPrvxBYOm3X4TYjDZSW4RND-Qzo-bdbGvgakRbUk9-H-U04BakIc1nkvutESJm_nNEzYK6e_edS3r_-ylgV0j5Wa0oqjpEYplNcSOoJWyiCeg1tzj2um1N_OY8g7by8eCuWdn5NxZQKVr_4aGg4hzrXVpzI_Aqdme6xqZGIz-OHDkMv-0z9_NkS_VZdbDeUrEwvD75zk54ZL_lJYew-cl31OlBAX12xoKF_QnLw3taLlP7ya34bFM7bE3aCxaamdw87TJ72GgpDXlc&previousPage=lr
31,Chinese beelden porselein ( de 3 wijze ),"€ 30,00",https://www.2dehands.be//a/antiek-en-kunst/antiek-porselein/m1670639392-chinese-beelden-porselein-de-3-wijze.html?previousPage=lr
32,Prachtig beeldje in porselein.,Bieden,https://www.2dehands.be//a/antiek-en-kunst/antiek-porselein/m1671286676-prachtig-beeldje-in-porselein.html?previousPage=lr
33,Van Heck Titanic Waskom 50x41x17cm ovaal porselein wit,"€ 425,00",https://www.2dehands.be//a/doe-het-zelf-en-bouw/sanitair/a55459818-van-heck-titanic-waskom-50x41x17cm-ovaal-porselein-wit.html?c=d97e27c274e75147b4afd0f5eb58c81b&casData=aw1dEEXrWR_OBHnnQZYvBxRU0AnfoGZJW99O1oaXRoXTcF0CiS185IeOakkedWrbh8GfHadauzvltoAt1Mrw5W5QNsRHQ88swR0x-suy-GY1fDf6qWalJK-wgKzx9KmpzRknQ_GXARI5vfrOQOX4XtpzTaQV8qCvLGw7KO8aJfiRg3CSvc3x4Rdvf6TVdGt8qjIS-wSDqDh9xrmaC3bM8BHjgr-VUlLhDeXxEUQ77quFt91LiiSj06Q5enohDxjIcxLEE02bZXmA2vUb4bpOPaD8CBOpxEOGrKcCdvB_H7VyEfjWtetLKwSnAKT2OZHAHgk5yySQJB2FlZrrbrZiwIItDATt1twq0ISBwgnDwx55Z-7L3Z9WfGMXxqwQYIeqWoI6EUOy7N0UGR5qPRsqR8aze1K-d-z1c7Yc67ultsqu-lT1-VkRxeUfU91okoGeXPyiof1aTiUxRbXWkh4-zPTFoNaYKg-tz8sv8KCAoZZ_u_KeFV7UdDl0ts_wA8r9nJa8qM9m5oGVQE1JKvTg2TvNwyIbdXvXBnDEcj5e9OTo-d1pbCcIvXSdRK6QFdFWJlx00_XK6MezZuei9bTNw0RdK00vLjs7SjpLPqbAOu6dRmAJd3w-7YDzf0qIMLI5&previousPage=lr
34,Luca Varess Cubic midi Lave-mains blanc brillant Porcelaine,"€ 99,00",https://www.2dehands.be//a/huis-en-inrichting/badkamer-badkamermeubels/a67519834-luca-varess-cubic-midi-lave-mains-blanc-brillant-porcelaine.html?c=d97e27c274e75147b4afd0f5eb58c81b&casData=Lrtjovm2MCyPrAouR9agTaKzi6Rx0V6U2CLF_dU1XKMvhkRHj2uWefvsMorhPOCgK0yDjQjuLCybG6nwVd1tdk08L_XmIElLF8Qvqg3__noI5kE3DTTSIxCR-Rtn_bq7UoTVJmlqqUpO9bQ9zy2SdcK-6XE576vhyGf15ER2-u9wG8lEyjd9fqhF4Q8jMNdK9lTTjvqVvTWgbTT5VmQP_nd6yJ3gvbMmk1zJMCQnR2utN-68rTeSiEGLq_HDBnOVNl-7bdIP898lU0Zt0GWAj9gynY8xOuPK3EolHTlUoApwUkMT0kWK_TLyywQpK71O46kr73kXTKkVvS4hC_5tvKu-UUj33jD5J6M0epWexdNAwCpsGEo8ULH_aYNE5bVVaOxZDFobhHYqnVqDsibeMUl65FA8rFJD9yFK9LKxeDIphlDIBg9YoiKKr-LEIgAr0PkAcPMIcy3660gmPTkfyJ0Oe_fpB8ZGKgtoF9K_6MI2uXJbb_Bo2xKxLMEWiqNCLoVJ2jnT49NSX2lOh9ZlXFSRYKA9iBDMMcauTka72CMuXUobYFFiQ2lo0Wa2Z8LfaAsWSIRGosHKILpS6YDg2eqvLlZwW7bv16ACgGAJqXhU8LJ_R5HAoJX8JF0cCezL&previousPage=lr
35,H.T. Limoges France - Service à café Art Déco en porcelaine,Zie omschrijving,https://www.2dehands.be//a/antiek-en-kunst/kunst-designobjecten/a71820881-h-t-limoges-france-service-a-cafe-art-deco-en-porcelaine.html?c=d97e27c274e75147b4afd0f5eb58c81b&casData=ogy5gQKnrAFFoeIURZ29RzWTxmvTLACtzX7ijsFjVEbxK-oYPxpMpSyy-sYn2BJv_rB6jifmz0z-HIhz9D29EmX03YAvtbClcDs-Bx8FJt7QsnnBFny9Jh-I-5XcCD-CrlJS9kd3nWjM3UgVbyLeonJ7BF0tLyFEzykVHyN8CUq5P4i-2Ct5tIQR3SupXB2-ohGMK-7U4Hz7GwKfS8yUk6H-fAi6paq6QNNtFHLyNqhr5iIuiNnBQUvAghjOW6odO51uvkCcZFm24VUZVaKfGFqdJGAOxsw4wEM2e4tA1Z9ESz8F02y_SdGWrTdBQH-Fj45kUdjWUyMqB9uYGnXfbI6YqEIHvhIE5H-VCfGcqaLE97_q7FPtGpcTJPYrp9Cje2wpxYzQwl5Xj9cQUx_S-U2uqLfE1xs46uUjltuevG2wa4U_XEtdO6__6wvHRB_k87p_6KoVqRNC4iIOuEdqfjJXeRAZhXVwVPYfMw6GP9LwVt2sr6r_FbtSSZXd0ri_CIDq97c_BFLjnXWL9N8ql0PZl0zp7rjqjWlOrFvWxCvmBLbdeRtvf4RT_uKT8ac3J1jawEg85WMhs_O61yCnW34_7kBLxKpg2nBQGhEyscTTGNlFKPofbllo57w548Dx&previousPage=lr
36,Chinese beelden porselein ( de 3 wijze ),"€ 30,00",https://www.2dehands.be//a/antiek-en-kunst/antiek-porselein/m1670639392-chinese-beelden-porselein-de-3-wijze.html?previousPage=lr
37,Voorgerecht/Dessert bord porselein Ø24cmEMGA,"€ 5,20",https://www.2dehands.be//a/zakelijke-goederen/horeca-keukenapparatuur/a65897909-voorgerecht-dessert-bord-porselein-o24cmemga.html?c=08c285449651fa109c354bbabe740c1b&casData=U_rLHWsgjCJWHtvtmvOx6TKT0Eh0pzGiVl2QCk8oIM8WVi5GHwcP5grkP7ga5j3gEAabydVBSzgK-jRbXaC4pc8l99mTyUxsPGwtl8ZPhG4kmPWgjH3_DY4evu39m7VL9Ua0XprL0_ZtqSiAYGpwCfc6Y_84Ua9Q0tMHCED574eJPhovSUeDU0cK3hEuENs9ffGjkDLGwsv0p7m8JU2uZ1tj-QpVNzM0sw4BOx0jFV7xWE-kVIo10F7T9M5aheWSCeAZzEU97SPMrtHZWfaTDnFPKSPZ3UlAo_z_m6vWUIFfXv1n0y2CZeKxytd2UBjQmeTr1d5N2z8O_DsnJlS5lwSip5SSKz4nRxInNqmFPrPWJmIrEBRGKyGScha1C28anz6yiS8UCjx2Kh2vudCN_vCztUYyyTU3U1L_dDMOJ6HszTNb5HlxVsuTHH4tSdc1srYuo3Q3Vx6sf1uCAPfqPvbSNOFNdtiKcqvgRCmNfie2mrp1hquUxhMY7U2qX0eDh5AcMT-uGBpFgOP-bZMntQyc1pcY7Ph5h-DbBTwzA5hWmKUKVANLXJC1lu4EwTpQrzwOzOUVBM0qW_LKPW4rz8B5Z1W1yaF5YBInLOEzVUd28WRdAoTI59LHra6bA_oB&previousPage=lr
38,Lavabo in porselein op voet,"€ 30,00",https://www.2dehands.be//a/antiek-en-kunst/antiek-porselein/m1671199335-lavabo-in-porselein-op-voet.html?previousPage=lr
39,Kruidenpotjes Porselein,"€ 50,00",https://www.2dehands.be//a/antiek-en-kunst/antiek-porselein/m1671255939-kruidenpotjes-porselein.html?previousPage=lr
40,porselein,Bieden,https://www.2dehands.be//a/antiek-en-kunst/antiek-porselein/m1670000270-porselein.html?previousPage=lr
41,Nemo Start Star hangwc 355x515x310mm porselein wit,"€ 68,46",https://www.2dehands.be//a/doe-het-zelf-en-bouw/sanitair/a65342821-nemo-start-star-hangwc-355x515x310mm-porselein-wit.html?c=08c285449651fa109c354bbabe740c1b&casData=lUH4KtUpnwFEjb9GKraaK9w35lyI1OeHYtAu6NgqBWiNNfMe-QpIQjtUERhAzkQ3j7OpLISXgkv-eqBvsz63Oc3TzTU647ItPnSCEKvwOIgWmSmjIgbfRXcnSz3bQX54ILvBjbgkJEFWJKx_r8cnGPPdVdAShgLqnuVBg7TM7ZrvV3ngJTu8kGkWVSrXcXv9jT52jOeD0JYM5Sfd2vGufZXHn-VDUOmuT58Qa-yy04RW-ei6F3c_TyDrNNWMs55qvSr8pHaR7X-8D68t6CvKhADpASWq7CrkapfSuvLAKRACjQ1VIaR3rS_QCKu3VBJxEky5CFLgLL9AbSeS67Yc3R6YF5A50czczYsLJWpJXfnJCCyMqKjfcEiktSZ9mVt6oLbsI15rG9C2Dh7dryv2_b2ABIa583VgzoaQTK_vv_Tpk_b0-_db3qu0gYlgprcK-zKKhKXxBC7BmMSrvCWijYiKv9zCOXUTWm4iOmIlCo09AMOFVy3xmADOgVqxTN25yp0gzRnGY8OFtl89vhXzGBLS3aJwutYQ4RA7FErEJpP7d9n4K1EjrrTlZdBD_0feKN6AhFgeygEG-y-UF8N6Aoy-f8JdTV5VV0IiYkqCfEs&previousPage=lr
42,Porseleinen pop op staander 50 cm,Bieden,https://www.2dehands.be//a/verzamelen/poppen/m1670387037-porseleinen-pop-op-staander-50-cm.html?previousPage=lr
43,Servies Arzberg,"€ 150,00",https://www.2dehands.be//a/huis-en-inrichting/keuken-servies/m1671298980-servies-arzberg.html?previousPage=lr
44,Koperen kroonluchter met blauw-wit porselein,"€ 25,00",https://www.2dehands.be//a/antiek-en-kunst/antiek-verlichting/m1671275491-koperen-kroonluchter-met-blauw-wit-porselein.html?previousPage=lr
45,ACTIE! Nemo Start Star handenwasser porselein,"€ 56,71",https://www.2dehands.be//a/doe-het-zelf-en-bouw/sanitair/a65342817-actie-nemo-start-star-handenwasser-porselein.html?c=08c285449651fa109c354bbabe740c1b&casData=vLr95V6ulCQUjXbSljWo9zXUPAQYK6AL7qgGrZtwGsPTiNvRxQTXoNjLMVxBev0fUtRtjZWyWKQ1eYeBpkP5m-O0gRaMRR77yB7lSP43uE4K72R4hRHUK84pLU6yBZC3EfkkVlVM2cQWCq0al3JEIy9NmYlxK8AErF-XYYaOkfyuZ-PlRAf_KS6n24UEIlsnkpdQtsdOzma3TGjrllU5_WTH1VVJk7QV6EWS0wNwm0gUIVT1crsDHtXzCAw-cH7f0NYB-MPgRoOHaOlvfYSeRAND6xCvFWpf__QrnOhnOx1AIeVk-2U-HzOFJirZkq9P9v9Bzk-4ZRUnhXlKVCA8auVZtCwvPm6puyiDMBC_RIvISpUr2anSZNGdo-o2fKOqYDun7K57pAvys4rSAAwTlJ8Gw0XoUO-9hCD5yqg49lHdu65tAOYIwDvSQo_49gpefm9dP90Uk456icEKb9vn92jcpgScBqBHp6dUfIwwrDZitsPcFoMwBKw69SFpmW2igj7VMkxlIhZ6pWwe_W4OFXzdtKBn9DEE-ZavpMC0oB8_rgxB10mUVOOqPIoYojpXaEYnWYvCLkxAHydwPjEukyQBKmjwsZ2InVa0CFsr1OU&previousPage=lr
46,Hartvormig bord met goud aan de boord,"€ 8,00",https://www.2dehands.be//a/antiek-en-kunst/antiek-porselein/m1671283166-hartvormig-bord-met-goud-aan-de-boord.html?previousPage=lr
47,Frietzakje porselein,"€ 2,50",https://www.2dehands.be//a/huis-en-inrichting/keuken-keukenbenodigdheden/m1671192330-frietzakje-porselein.html?previousPage=lr
48,antieke porseleinen santa met slee kaarsenhouder   kv90,"€ 30,00",https://www.2dehands.be//a/antiek-en-kunst/antiek-porselein/m1671195802-antieke-porseleinen-santa-met-slee-kaarsenhouder-kv90.html?previousPage=lr
49,Van Heck Boat Waskom 53.5x42x16.5cm ovaal porselein wit,"€ 445,00",https://www.2dehands.be//a/doe-het-zelf-en-bouw/sanitair/a55459527-van-heck-boat-waskom-53-5x42x16-5cm-ovaal-porselein-wit.html?c=08c285449651fa109c354bbabe740c1b&casData=a8FFsF10NZI4c-uWe3T8l61NcGhB2GCtfxYQBCQkAY24_GqOmRO7_TexhgPGkx9whh_7VowS2QXNUoiXxlOuFbPhwqvGevS83pkzJK0pmu1oMdNnLbrZMfO_AK-SZhvMVdwCSJmiHTEZNMLOI8SoKinuSGjPULgPJFf2R7IcTOMxOaYa9izw_zr_NJQxWsRJ0aoL7nTQGIxPnyW7afZ9MLiWrBvQimMeHTWbun_3Leq1y4glS_lc_dJrckGibBncWOhRLjHkhhMij72sQO7z3z4hWZzkMO5uoLBqtpPHwkmABn1Jqr1_4yFfIdIU9Zc-za4q14tftL7SqP7RsvDktjJlkIdWLJGMdpgu8_mJeD6u6aRqNJop8monED1z9iy3iMyZnoCj_7SR_FM2e3NCdJnq_HsqV3LrB6SCwVMpLvs98vv39Bm8OWnT6HEZ1KWo8mhJKK1WkihXkZnlgHgOKc1Jd0XccJCnLfiirt8z5zddnMAhUlYaBYaOsoDuv38DoRsiRu-WzYZrsCwspyVReJL7hwQwvYZhuaU7HG_5kfmqIBQcgr82U21yE4jVASx_9BuwfY-qT96KaKrIamx9DmlKxGbRctm3pED22G-x5uQ&previousPage=lr
50,Weens porselein servies delen,Bieden,https://www.2dehands.be//a/antiek-en-kunst/antiek-porselein/m1671220418-weens-porselein-servies-delen.html?previousPage=lr
51,Porseleinen servies Bavaria,"€ 25,00",https://www.2dehands.be//a/huis-en-inrichting/keuken-servies/m1671187530-porseleinen-servies-bavaria.html?previousPage=lr
52,Theetassen / Koffietassen,"€ 60,00",https://www.2dehands.be//a/huis-en-inrichting/keuken-servies/m1671257082-theetassen-koffietassen.html?previousPage=lr
53,Gemberpotje - Porselein - Dragon - China - Republieke,Zie omschrijving,https://www.2dehands.be//a/antiek-en-kunst/antiek-overig/a72008303-gemberpotje-porselein-dragon-china-republieke.html?c=08c285449651fa109c354bbabe740c1b&casData=24RV-HW3bbw7VRSaItZ3_W0rNS6dC4MNGWzoWjgZsot9bQhphUiMvGyy1JQme_QBnzwTLKGXhbv3HFxbeL9Z4zM40s51SXPgKqx1ejUeA79iojg6SWCYb7bhnkL81rEe31W99dbHDbk-y75K73mYJz_VrHK3fmKx9O6pRgbvRQcBJjW6_gDOi6IZlQRHvVBgezwrTNG1rl0abmGp8rgfrOzWUoDuOToPOaDC4ABg171p-JNBDgqkQs_MCHrX3iXg96cpO_1ep8KBYRnUrEE5xmS9MDJchi-ACWHr23m0r3rcsnPeiON6CkFrRDDjS0TTgQQFzj89SnizNjEs9XSmL38cpmzogIlolMBAhgwwWwbxpSCGhVDXLsXTgXjA7TQ4ZOtNma9VUmAYpA0QihV3DZCQftr8fTVIN986Q3D0fOv4owrrEnc5tUwaAjwdEoZ-AkOfw9Rmu8DZURGCVoVwXcLQar-96tej5wKFI7763zPIWyJL9tG0AjrDOcb4uLdqCWcoyxSJ4J2vRmhSsv1wvuu0Sx9jJxIIx49hXkncFUy4kIdeIg8nHhwyP8_IAF3nq1ofgSvDqx8-wxIdyFb4cn5IgSFJhbRtzIOn5D8zk6M&previousPage=lr
54,Schoolbank + porseleinen inktpot,"€ 110,00",https://www.2dehands.be//a/antiek-en-kunst/antiek-meubels-tafels/m1671215808-schoolbank-porseleinen-inktpot.html?previousPage=lr
55,Eetservies in porcelein,"€ 30,00",https://www.2dehands.be//a/antiek-en-kunst/antiek-servies-compleet/m1671171058-eetservies-in-porcelein.html?previousPage=lr
56,Porseleinen beeld van een zeeman,"€ 15,00",https://www.2dehands.be//a/antiek-en-kunst/kunst-beelden-en-houtsnijwerken/m1671216768-porseleinen-beeld-van-een-zeeman.html?previousPage=lr
57,Schaal (1) - Porselein - Chinese Porcelain Bowl with Cover,Zie omschrijving,https://www.2dehands.be//a/antiek-en-kunst/antiek-overig/a72008302-schaal-1-porselein-chinese-porcelain-bowl-with-cover.html?c=08c285449651fa109c354bbabe740c1b&casData=FxVvWle-zmGFk9CJ0LjtIAyLF0nKqawlYrEaoV8qKz3Hlzckrz67bTa-CdHXsU7vEX-Cbj_SrUNPoXKrQfKcuL5esg_z9Kdo1t1rB-PKOvxqe0mbMl-p5RibqhTDoRlMivd2wOGvjvk3W2g_ELiJoX0Eaoh4HY_n8QUSx2uy9DT9kIuQ46_ymAQuJnEKufwzgi4HeYQBjfBWJ04zX7Zz4MNGRUwy4YVkHdKPMkP8ufgGcC8KPHLanBM_TpygZLuhCZwUZl7r15SGVJ0nT6l1T1b_d15g-XBRfo320moL-Vls6xhxFWjJ0_eqDpUGys6CZ87txgIPPrvXvpeHseVrAXASdiShSjB0-j_5KEOu3KD4K-Fg6fn8f-esqzO8uEKdHccDuTYGbOQoEFJIYnPXKZQnnZWGdy-PsPafsyvP8JyGI6Vu3_TTeFxrw6mxGyTSH4PWubwJR-MSvCNmCKGMUjvheEKZdDje93n0p2rL5xOMpOnmB5FiHBMlWgHRsrf0vwAbgrnAtTSn-tgmTzC-CApFxVFz_6BLqyzTdWZU35GqSVNnSIzVBKILNeGbEBauAaPbiyx93UmxQl5gqAKUHC-jn4AKUTLi2BdIeIE3Cr0&previousPage=lr
58,"vintage 1962 dessertbord, ondertas en tas H.Communie","€ 45,00",https://www.2dehands.be//a/huis-en-inrichting/keuken-servies/m1671282074-vintage-1962-dessertbord-ondertas-en-tas-h-communie.html?previousPage=lr
59,grote asbak G D P porselein,"€ 10,00",https://www.2dehands.be//a/antiek-en-kunst/antiek-porselein/m1671135761-grote-asbak-g-d-p-porselein.html?previousPage=lr
60,slakkenbordjes met toebehoren,Bieden,https://www.2dehands.be//a/huis-en-inrichting/keuken-servies/m1671263496-slakkenbordjes-met-toebehoren.html?previousPage=lr
61,Vaas (1) - Porselein - Birds and flowers 58 cm h. - China -,Zie omschrijving,https://www.2dehands.be//a/antiek-en-kunst/antiek-overig/a72008301-vaas-1-porselein-birds-and-flowers-58-cm-h-china.html?c=08c285449651fa109c354bbabe740c1b&casData=-cwvO-VifEWUbwUX6Hbw6nY6pQEKMvfq7ZMcEuE8DxlKnEWiwbj-_j0CdYUC-jRDB7_PNX0Veg9QbLnuXcpzCloVk0s04z8rBRY4oYzLyocndWS7wzQeibaJ5uZFC47PF6HUrhbX6uEvlCcSRi2aWQ8VvUz1dkyYnslq9urlNe2qxWMyFfhu_JwTgvZcHNKOt4LbHlJ5bHVmIq4DBDkoQ2Ypp3P6iA-x9PB-CqeznP1siDXNwk4rsj4K4ygwXoxDvB73YiFKGHvg_FvxhJH5d2f1xPzKAcioJ96theor-nI9VnG5CNrzn3MyoyCTFHV5TbGcqBM2gGJc6zV6ABkG-fxaHjXxOkct-lulEzuug4g2N81f1E55d8KQCTNipdEgH44JIJIEYoxmHmpvciPKVDL7LxnM6gyWGeGBELcygBqHJRdpi7ZfPa-TfmCfzvkjYnLVRRBOupFtj5sxH1IUD4-l-k9EBbSSq5qFRJ5Xxi3PnsF9G2VRmNWSbIHs71A3wG36TF3j7F_lfZ-97xNW_1-tA-yRcWsPKMN724Es3xgtmH_J7fNTdq4gn5vNyg5rxK_WfRJpNAR_-WoTI-w5p_hYcIlXnmqhMKGnD5pclwY&previousPage=lr
62,Verschillende Porseleinen beeldjes,Prijs o.t.k.,https://www.2dehands.be//a/verzamelen/overige-verzamelen/m1671139663-verschillende-porseleinen-beeldjes.html?previousPage=lr
63,Porseleinen Capodimonte terrine met putto (Italië),"€ 25,00",https://www.2dehands.be//a/antiek-en-kunst/antiek-porselein/m1671219450-porseleinen-capodimonte-terrine-met-putto-italie.html?previousPage=lr
64,Borden! Nieuw! telkens 8 stuks! 3 kleinere modellen,Zie omschrijving,https://www.2dehands.be//a/huis-en-inrichting/keuken-servies/m1671294415-borden-nieuw-telkens-8-stuks-3-kleinere-modellen.html?previousPage=lr
65,"Grote schotel, Standaard (3) - Hout, Porselein - Zeer grote",Zie omschrijving,https://www.2dehands.be//a/antiek-en-kunst/antiek-overig/a72008297-grote-schotel-standaard-3-hout-porselein-zeer-grote.html?c=08c285449651fa109c354bbabe740c1b&casData=aDf17jbWIafD-8xMxsqiI6LvxSRXzC4Sz6YdDKLJL4RMVDx8EFsjlTmzoYJBbbpQ8sB_2emsNNy_pHf0erR2Uv2xDk7xXXpjJfiKAaMJordnLzE_yV7ue50uH2YPQ96bPFfCNYWdKCNCqWK3oV-mmkK3b4Gh9Psfw9w3nLuaOdpZBnFat3v_NwVKgZlwpbjARtyRLcsjPT5euvJEsKUa5s7F6AqU5QJt6N1sMq-vC_2Yr_78GICwBtmQBVZmWWX3ARiBnxmxM1ddKlEhgDrRsx0_Q0YYqP2hUUX9t6TC7G-YQiuq__qPHc8jsqyqID4FBRWpEl6zy8yLZ-Ej7ZW5NH0xZnmMkw6S91ZFf1Qumrxw6-LYeXKfEd6UGU2d8ZRv82zHa_Dm3bloesOlWSsYiHHeduBlEEgdlnQrCS9oEx8Q8WmJXwZm1_MzppjyPoFKtxm2kUi-zKvYxm6gEH0AnVKvNEkHCIsPr5LXy-1TtyD4AL8Mvfd6IV18sO5YPRLenNvJdv4XxHh7FfvnAUGK53S9SboXoKCLYLK3BEXSBvmvRKeSuv1ZVfwARqkAEWfK-qPqPci9EjnqZPtkfNuKH4Q1clPHIUlrn6PXapeIgtI&previousPage=lr
