,Title,Price,Description,item_link,img_link0,img_link1,img_link2,img_link3
0,Boek :: Blanc De Chine - Divine Images in Porcelain,"€ 21,00","--------------  PROMO nu 21,00 euro ipv 42,00  --------------Blanc De Chine - Divine Images in Porcelain139 pagesColor photosSoft cover28 x 22 cm0,635",https://www.2dehands.be//a/antiek-en-kunst/antiek-porselein/a71729635-boek-blanc-de-chine-divine-images-in-porcelain.html?c=d97e27c274e75147b4afd0f5eb58c81b&casData=1E1PNfHROsnRUlK7FjApo-Cg00-XSY5mDb-Mgtj3I9-A_Bvf346ChMht0hrB9YY8KAHlPSD-Cl66cxJiaZ_5BLR42jOPARoBuKojqfNLFQfVlucHv0At0-_-4XvmmtHvHcPNzVzwqK7xHDUTaKdflNgI9jjL83EIKn7jBrZVCnWVtLSf_yG1gYcKhCrBu-4TO1ZnThDoeq8BwsI0ogBDFYdrQL8sohow4i2M5fGibaUYb_0xHKwobrdqChDba6dExTNDkMYr7EzPWGTfdcKlBGzTwz56oWpHY-Ws1Awl371Rsjpy23_-zNxW6tO3ZjwiOZbV3gvxG1lS9BM4LpdcAZKE2munSsDFR5zVxZfJRsnUwaRzEEhX3KYClVInSrrcSqh3TNA5zhsQlOx-Nqdhi6PFxeeblGCE0Df3l0I_X5kYcf-67ndskePkXYkG0HXjdKO_uEVDWl6gmlswtScAfryBmSwHCpQKaUhRCs2sDen_FaRmWAZzclzlkccHGqQdULgDVhvtYQRgtGhG0yXq65yHozy1jAMaaG7AxU6zGn29s3013n31AU7GulKiA6iDpNEmgjMYPIU8M4coVq6ZpRpghJng3e3i6yox8G9t2x4&previousPage=lr,https://i.ebayimg.com/00/s/NzgwWDYwMA==/z/u~8AAOSwp~RgLOcr/$_84.JPG,,,
1,Boek :: Peranakan Chinese Porcelain - Vibrant Festive Ware o,"€ 32,00","--------------  PROMO nu 32,00 euro ipv 65,00  --------------Peranakan Chinese Porcelain - Vibrant Festive Ware of the Straits Chinese256 pagesColor p",https://www.2dehands.be//a/antiek-en-kunst/antiek-porselein/a71729139-boek-peranakan-chinese-porcelain-vibrant-festive-ware-o.html?c=d97e27c274e75147b4afd0f5eb58c81b&casData=euOCW3dcdnsoTg1s-M5phLGc9wl3a4yROw74BsSVqmUgvbMCpKUMtjVWhwQdG2ez2vyrti-8CACxfZS4KiRgp8nHUZ6vtfuG4C-F4io-4np2zkmgvysZ8ZeoPuq08qxhn19TJEOhkHqpL5yoNO56jRwy9spqGkEgIAWEeb7gcBI-gcMa96Mx_Jzr_DclA-htMFeYipwTpJgB0kdq82fX2nb3WkOZLOkbOmLtG6y7OCuV7uFSb7n5h4j0IHC9WflAbx3XTHwALgQGI7-OP6B5c9njKbiegPJCtb6boj-Rbr9FzinrHcwvpGLz_-Pp3YN5OPCCkrQnKOM1W1JPDRYnmK_fLU9GLnp39O8L_oJUItO5ffoZhKWS3YT7auwXlHkkW7uJiuQGw-Ldst6Il0WwErybn-gd0h76luh7nuVcst3Nl6GyLdyT0IDawwDz7xQPQG1ZNhht9C4kYd6ZdtQQvO9gp-K7KqFHkg4oO8wVcvPYD38suoB0-2N4sw8D95pSZHBZ8f7aCSY6Sx61IJF8BKCTXJgKMWGFTOxrumwyZyfAz7_NK3RxPv3qMMOtIWGxNOSwvxfIcBU2ZBSpVGzObPPXkYFtFtPu6cyKzsOPAHNGE5556Oyky1pVOgDute7W&previousPage=lr,https://i.ebayimg.com/00/s/NzcwWDYwMA==/z/BRMAAOSw7AxgLOXs/$_84.JPG,,,
2,ACTIE! Porcher Ulysse jachtbak porselein wit,"€ 71,99",Porcher. Ulysse. Jachtbak in porselein met enkele (6 liter) of dubbele duwknop (3/6 liter). Binnenwerk gemonteerd.====================================,https://www.2dehands.be//a/doe-het-zelf-en-bouw/sanitair/a70929970-actie-porcher-ulysse-jachtbak-porselein-wit.html?c=d97e27c274e75147b4afd0f5eb58c81b&casData=kDVwHYurGPG6P9WUKLXsxFZTni1AkjLZ_4GOxTezErOOHwlvfmCPDVNcl7a9Ma9RpyM1gbbdcfN9uR7YhQH0HEELXijQ7pPOSusqACYRQzTm05HddONRCgtTbYJqNj6g1ELTSq5UpVxCLsoWqXbEN8FbRDGuDxtCx2RacgPgTUWkgH2mFtMPdF5kh_07MNjc4CafU9XX-RJjV0HsfFNuUcJ6DpBMJhdAe6gNQqNcMHj3SyrjyuI8MaLRlA5vWQMWfqJxwqvB0Ap8a7iVbXzGbKsoIbwJRjRbhc1BfTCf21mdjlUF4CXKWAmuXo1aS7KwqZ55o_o8yAYtmJsz2u2cG5s0yi_O8AjIqg8OwZyrisi8Sasl4zNLFbUT3mzfq5o4_ZJkfh7ySSQvUgvLe-CmSJIUQd_V_qT5thDxSlvgMfnnB5iS1-hW15fa5jvF1FqBDg2qFX866DbgclbEzNmgDPyowueSRNy5OZvOPGw8MbhzQaNW5u7mHmikoyUkeqwc92xzOmStGkGB0q3kzcnp7pH2W5JfhIuoHy7dVCdp56OZVlDs6eAaZOdcErILTEivuc2ha9hs-cn0D5t80n5q4pcQEHg7Du1OfIdiUrLdEixXm1xJlAV8KhtLUVu-7kPo&previousPage=lr,https://i.ebayimg.com/00/s/NjAwWDYwMA==/z/IM0AAOSwLitgCnlb/$_84.JPG,https://i.ebayimg.com/00/s/NTc2WDEwMjQ=/z/ddMAAOSwAtpgCnlb/$_84.JPG,,
3,"Diverse schilderijen, porselein en Napoleon",Op aanvraag,"Diverse schilderijen, porselein en beelden",https://www.2dehands.be//a/antiek-en-kunst/kunst-schilderijen-klassiek/m1644811018-diverse-schilderijen-porselein-en-napoleon.html?previousPage=lr,https://i.ebayimg.com/00/s/NzY4WDEwMjQ=/z/JzsAAOSwAEJf5eA3/$_84.JPG,https://i.ebayimg.com/00/s/MTAyNFg3Njg=/z/EB8AAOSwwfdf5eA7/$_84.JPG,https://i.ebayimg.com/00/s/NzY4WDEwMjQ=/z/Fj8AAOSw2mhf5eA-/$_84.JPG,https://i.ebayimg.com/00/s/MTAyNFg3Njg=/z/iRkAAOSw~MFf5eBB/$_84.JPG
4,68 delig porseleinen servies Hutschenreuther Leonard Paris,"€ 1.195,00","Model Livorno, in perfecte staat, amper gebruikt. 1 bord van set van 12 ontbreekt. 25 jaar oud.",https://www.2dehands.be//a/huis-en-inrichting/keuken-servies/m1645441530-68-delig-porseleinen-servies-hutschenreuther-leonard-paris.html?previousPage=lr,https://i.ebayimg.com/00/s/MTAyNFg3Njg=/z/lo4AAOSwzUdf~GgQ/$_84.JPG,https://i.ebayimg.com/00/s/MTAyNFg3Njg=/z/sCgAAOSwH89f~GgS/$_84.JPG,https://i.ebayimg.com/00/s/MTAyNFg3Njg=/z/LrMAAOSw-IBf~GgR/$_84.JPG,https://i.ebayimg.com/00/s/MTAyNFg3Njg=/z/2ysAAOSwlcdf~GgR/$_84.JPG
5,Chinees beeldje,"€ 120,00",Porseleinen in goede staat met bladgoud bewerkt mooie kleuren,https://www.2dehands.be//a/verzamelen/beelden-en-beeldjes/m1658434768-chinees-beeldje.html?previousPage=lr,https://i.ebayimg.com/00/s/MTAyNFg3Njg=/z/jLAAAOSwSHlgEI5y/$_84.JPG,https://i.ebayimg.com/00/s/MTAyNFg3Njg=/z/KZYAAOSwfcZgEI56/$_84.JPG,,
6,Boek :: Blanc De Chine - Divine Images in Porcelain,"€ 21,00","--------------  PROMO nu 21,00 euro ipv 42,00  --------------Blanc De Chine - Divine Images in Porcelain139 pagesColor photosSoft cover28 x 22 cm0,635",https://www.2dehands.be//a/antiek-en-kunst/antiek-porselein/a71729635-boek-blanc-de-chine-divine-images-in-porcelain.html?c=08c285449651fa109c354bbabe740c1b&casData=AJdwN4IcKyzWIgF0IAfffOaXlA_J0TgQvYktInTyROKJr0fKtd6JMa3SEtJQz7BWydLUTbTxRAKJH2UTbZI3vMzWWxRbpsiJLTtnT5_bFbsJylMqBMig7_W2sEd7hrsLuf1P0lU2AI_xer8LIQw8N3BpKKdnQw9kqjtqUPFCt7A9rFN6-PmcdptaWCt5YeL1RMIPwzXosfxKKLlDazzPbv2wIL-s-a2JA_XMlU-IdHbfdpmqFJJEHX8l_KLwIDhd4erCtyyLq82jlzBockLv-jqrIBup7a15I1TgIHZoinXFR6Wsy2KW7aFmdfktYxYNqllU_YBU7zyw2gbQnywYDY5BU_gApUFoHmeqMr4jcF_TBKKZXG2DDFSREy-bWIxJGUsRdyrpPYKWKJXXXUXCKtmORoC-nCoE_VT7-P3smxcPwFccNUyaT11mmAVyO--bv54I1PpEgpMji7PhmjyeEyE5o48X4w-cVNwQToxFd-igRPDrjFRT0sb6lWw_SO6toZjDKI5jq9KdNakSTya97hij8aB_ipUhK-P4knYxYrrLOk26lIwKVmuoq84pXNm54U9j7uiDnlZEq2EdYKj_tIRITqHcNeQ3Kb639I4PJ-k&previousPage=lr,https://i.ebayimg.com/00/s/NzgwWDYwMA==/z/u~8AAOSwp~RgLOcr/$_84.JPG,,,
7,porseleinen poppen,Bieden,"Te koop poreleinen poppen, hebben altijd in een vitrinekast gestaan dus stofvrij en rookvrij. Doe een goed bod en ze zijn van U.Op funbiedingen wordt ",https://www.2dehands.be//a/verzamelen/poppen/m1669199942-porseleinen-poppen.html?previousPage=lr,https://i.ebayimg.com/00/s/MTAyNFgxMDI0/z/L~IAAOSwlKlgMMvO/$_84.JPG,,,
8,60/60 gerectificeerde porseleinen steengoedtegel voor het he,"€ 13,00",60/60 volledige binnentegel gerectificeerd13 €/m2Tel: 0493/43.76.68180m² beschikbaar,https://www.2dehands.be//a/doe-het-zelf-en-bouw/tegels/m1670539914-60-60-gerectificeerde-porseleinen-steengoedtegel-voor-het-he.html?previousPage=lr,https://i.ebayimg.com/00/s/MTAyNFg3Njg=/z/EK0AAOSwDF5gNIyy/$_84.JPG,https://i.ebayimg.com/00/s/MTAyNFg3Njg=/z/PnkAAOSwCUNgNIy0/$_84.JPG,https://i.ebayimg.com/00/s/MTAyNFg3Njg=/z/zhMAAOSwTA1gNIy0/$_84.JPG,
9,garageverkoop van 23/02 tot 28/02,Zie omschrijving,"Militaria, oude boeken, Modelauto's, postkaarten, Porcelein, koperwerk,.. StripsErotische stripsAfrikaanse maskers....Eernegemstraat nr 18680 koekelar",https://www.2dehands.be//a/diversen/rommelmarktspullen/m1669208982-garageverkoop-van-23-02-tot-28-02.html?previousPage=lr,https://i.ebayimg.com/00/s/MTAyNFg3Njg=/z/fUcAAOSw9axgMNEA/$_84.JPG,https://i.ebayimg.com/00/s/MTAyNFg3Njg=/z/9g0AAOSwhYVgMNEB/$_84.JPG,https://i.ebayimg.com/00/s/MTAyNFg3Njg=/z/O64AAOSwBRdgMNEC/$_84.JPG,https://i.ebayimg.com/00/s/MTAyNFg3Njg=/z/G6sAAOSwERdgMNEF/$_84.JPG
10,Boek :: Peranakan Chinese Porcelain - Vibrant Festive Ware o,"€ 32,00","--------------  PROMO nu 32,00 euro ipv 65,00  --------------Peranakan Chinese Porcelain - Vibrant Festive Ware of the Straits Chinese256 pagesColor p",https://www.2dehands.be//a/antiek-en-kunst/antiek-porselein/a71729139-boek-peranakan-chinese-porcelain-vibrant-festive-ware-o.html?c=08c285449651fa109c354bbabe740c1b&casData=KZlHk480B04IyBfw_qnN6_tbuloWIxBCEQ9Tc2A7r1k86VyfBd790QfnA-VxsomgyW0jdB3DLA2koq5xZsZlILqbDpbONv-zyaRstCMgKnX--n5cOeURTkM_0JIow3XZdHQlYPfeKUh3eIRFsA3wOwu7xhVSNWSPu71OY4ywle761zDYGAEXAE0zzRU8Wd64B19uGPMNoSQskA3QA1_5noHSoQNej5IZYAV4_h-CeImkFuFv8frqHQThFDgMMcV1o17nbC85CgTUNJsRjfv3_6a_nMoS7zwPEa_4p2PxSejTJzOsVeLwuOO4EOgZgU83Gpw2zfZKJREmKI9yjFckpGEIKuUfBEWYI92b3MLfSVmjryl_mWPpAaq932UxiVKJi7CwUEVbuT8kT9lsKvEagauiV5oNqwTtxHgiW3VadQV7fC_lEykI6qFgNQFh6v83NlwAsbB6C8sxsU__-5GCbx7Vz0DZezzrqua4DkVoNCYknqT6Uwz4jKmL78gIF9prTWsnM5FjDTrcQ5ZolUUkRTmrpRbm7H-WYK34zimGaO1MDszuSsEEfKx3ufFBpILpwmMeDxlr4mnZzdziRDhhAR5X4Ev51YdhU73ikwhcI60&previousPage=lr,https://i.ebayimg.com/00/s/NzcwWDYwMA==/z/BRMAAOSw7AxgLOXs/$_84.JPG,,,
11,"BEELDJES, LIJSTJES LOT V 14 stuks","€ 15,00","VERLAAGD IN PRIJS, €15,00 /ALLES, VOOR DE 14 STUKS2 lijstjes i porselein en 12 postuurtjes, klein en groot, zie foto’s. In ongeschonden staatEnkel te ",https://www.2dehands.be//a/antiek-en-kunst/antiek-keramiek-en-aardewerk/m1612924228-beeldjes-lijstjes-lot-v-14-stuks.html?previousPage=lr,https://i.ebayimg.com/00/s/MTAyNFg3Njg=/z/Op8AAOSwjfBfiGir/$_84.JPG,https://i.ebayimg.com/00/s/MTAyNFg3Njg=/z/lWYAAOSwJYhfiGir/$_84.JPG,https://i.ebayimg.com/00/s/MTAyNFg3Njg=/z/1QwAAOSwUY5fiGiq/$_84.JPG,https://i.ebayimg.com/00/s/MTAyNFg3Njg=/z/6LMAAOSwV4BfiGiq/$_84.JPG
12,Koffietassen Wit - Cappuccino Wit - Serveerplank hout,"€ 1,00",Koffietassen Wit - 36 stuks = €1 / stuk Cappuccino Wit - 36 stuks = €1 / stuk  Serveerplank hout - 36 stuks = €1 / stuk !!! Totaalprijs = €50 !!!BEKIJ,https://www.2dehands.be//a/huis-en-inrichting/keuken-servies/m1670963901-koffietassen-wit-cappuccino-wit-serveerplank-hout.html?previousPage=lr,https://i.ebayimg.com/00/s/NzY4WDEwMjQ=/z/E1MAAOSwn4tgNf0M/$_84.JPG,https://i.ebayimg.com/00/s/MTAyNFg3Njg=/z/-isAAOSwu2dgNf~H/$_84.JPG,https://i.ebayimg.com/00/s/MTAyNFg3Njg=/z/4qIAAOSwOsZgNi-h/$_84.JPG,
13,100m² Tegels keramisch vloertegels: binnen / buiten,"€ 36,00","PORSELEIN STEENWERK TEGEL, STREEP EN ANTI-SLIPContactnummer: 0465/79 25 471e keus - Kwaliteit A - Interieur exterieurWinkelprijs € 59,85 / m² = 100m² ",https://www.2dehands.be//a/doe-het-zelf-en-bouw/tegels/m1668755860-100m2-tegels-keramisch-vloertegels-binnen-buiten.html?previousPage=lr,https://i.ebayimg.com/00/s/NDgzWDcwMw==/z/rlwAAOSwXChgL25a/$_84.JPG,https://i.ebayimg.com/00/s/MTAyNFg2ODQ=/z/L0gAAOSwVAxgL20k/$_84.JPG,https://i.ebayimg.com/00/s/NzI2WDU0NQ==/z/vVwAAOSw7oZgL25b/$_84.JPG,https://i.ebayimg.com/00/s/MTAyNFgxMDEx/z/ut8AAOSwpsdgL20c/$_84.JPG
14,ACTIE! Porcher Ulysse jachtbak porselein wit,"€ 71,99",Porcher. Ulysse. Jachtbak in porselein met enkele (6 liter) of dubbele duwknop (3/6 liter). Binnenwerk gemonteerd.====================================,https://www.2dehands.be//a/doe-het-zelf-en-bouw/sanitair/a70929970-actie-porcher-ulysse-jachtbak-porselein-wit.html?c=08c285449651fa109c354bbabe740c1b&casData=AXaW4sCgzoeOsno_urVbpZva2f3nQ4u26UVtcr2avWBWm9k3zD0HClf8r5KoKHUI5XPMBp1u3g9dTZT9IAz67W7iIbq_7C3bVeWa0LF2IOz9rb1oMQgJAdhE4FqGGYMgJlp3GAYLa0YBx71OE3NosuLAIrKm_TRJuoDOy9YCzrS-IzcGKmoaWWstJWF6YmBIWGIkb2EGZzQ0OHi204adxc4kk9sGp7FoHg2kq1qyNQ1WN4rzU8ihbM8ib9g2oqxQsFylURTA2LpJ-94laJB2uckHUr_ubyfWkMbr9xCFjFdZit_jvhEvSxUb38guP4VJWXJjUsrCiWiGgwkkv107_dnHUFSz83NeVfRPZ_SMuvUvqH38RM8aPh8ra44b4eATWEa1XUJSvrlKzy1Sg7uPC3bNAptb_fEb51YOsHkrzPvI8dfXS1n4iahjhMJx6tRq9xos9JzSzvTtKs_dSTIhkJOt-tYq8WnMTjSMd_lVFqYrN4DdtZYdmLFs6OBAl0as-DM5unkk0UyGR_P9tMY36CAKIzTHNKHtg46Z7rrRy-gCZBKRW0f5kUFHLU4uueY7CawPWidBY-Z3lRNLgzBo0ZrtaOW2ucHnCmF96KP3ptBgALDh5k4JbxIZgWxnoNSd&previousPage=lr,https://i.ebayimg.com/00/s/NjAwWDYwMA==/z/IM0AAOSwLitgCnlb/$_84.JPG,https://i.ebayimg.com/00/s/NTc2WDEwMjQ=/z/ddMAAOSwAtpgCnlb/$_84.JPG,,
15,Vintage Spage Age Brocante Woonaccesoires Glas Kunst Meubels,Zie omschrijving,Antiek Vintage Brocante kunst Keramiek Meubels Glas kristalAntiek - Vintage - retro - space age wilt u de prijs van een artikel weten kunt u dit vrage,https://www.2dehands.be//a/verzamelen/retro/m1470581549-vintage-spage-age-brocante-woonaccesoires-glas-kunst-meubels.html?previousPage=lr,https://i.ebayimg.com/00/s/MTAyNFg3Njg=/z/dU0AAOSwRihgL6Wf/$_84.JPG,https://i.ebayimg.com/00/s/MTAyNFg3Njg=/z/O90AAOSwpRpgL6Wd/$_84.JPG,https://i.ebayimg.com/00/s/MTAyNFg3Njg=/z/wboAAOSwbgNgL6XX/$_84.JPG,https://i.ebayimg.com/00/s/NzY4WDEwMjQ=/z/smkAAOSwMJNgL6Yc/$_84.JPG
16,servies,"€ 90,00","Eet- en koffieservies voor 12 personenPorselein (de Sologne)12 platte borden, 12 soepborden, soepterrine, 2 grote schalen, sauskom, 12 dessertborden, ",https://www.2dehands.be//a/huis-en-inrichting/keuken-servies/m1668293994-servies.html?previousPage=lr,https://i.ebayimg.com/00/s/NzY4WDEwMjQ=/z/Ct4AAOSwlYtgLYOT/$_84.JPG,https://i.ebayimg.com/00/s/MTAyNFg3Njg=/z/CioAAOSwFalgLYO-/$_84.JPG,https://i.ebayimg.com/00/s/NzY4WDEwMjQ=/z/TgYAAOSwFE1gLYOk/$_84.JPG,https://i.ebayimg.com/00/s/NzY4WDEwMjQ=/z/cPEAAOSwAblgLYOr/$_84.JPG
17,Chinees porseleinen bord,Bieden,Chinees porseleinen bord,https://www.2dehands.be//a/antiek-en-kunst/antiek-porselein/m1671201043-chinees-porseleinen-bord.html?previousPage=lr,https://i.ebayimg.com/00/s/MTAyNFg3Njg=/z/Gj0AAOSw~UJgNnmx/$_84.JPG,https://i.ebayimg.com/00/s/MTAyNFg3Njg=/z/w7kAAOSw46ZgNnmy/$_84.JPG,,
18,Van Heck Titanic Waskom 50x41x17cm ovaal porselein wit,"€ 425,00",De Titanic wastafelkom is de originele replica van de kommen op het befaamde schip. Wij hebben de rechten verkregen om het origineel na te maken en zo,https://www.2dehands.be//a/doe-het-zelf-en-bouw/sanitair/a55459818-van-heck-titanic-waskom-50x41x17cm-ovaal-porselein-wit.html?c=08c285449651fa109c354bbabe740c1b&casData=D9cLWsUqLJlIDL_UkR9idS8_Na5dJmCxbnEHDOpk-n4sdx9E7hH7t_BApe5mMvjwg0W62lqJkjVE1PpQ_3bsKgX9HznHh6WSlsBPVgme12DvRmo796yfJNnjiPw6CFQP9D8wCfd0iIFiwbTyVqLJNKZglkYnOs8xtycYRBZYtGrixpXvOddkxtEuD96e6xRgm2mFOONwbGF4DSL9EMaFP6no_gv4aiNQTVBJRC6PrdeHk-A3mzOx79fZ67YKuM3j5jBqB4RAkqSPl1bXHbg7SEEl_l-8nilnrsMbQ8Zvnn7YWPiUdyDYNsmi_1EbeUTCr-KrqY2ofqQAAy0xnvth3ckWRPyn_WRuvaq91HqicAbVznBTGIb_7SSAiWrdTmtTrXa77RWVqlG8tArx-KP_A94pHtrSqjbRjYoB5Ya7W8cSRQwolIM64duRPfiw4XejwzOrTEva5jJ16wfRyQUEqtAIfCaQ0Iwr0u3btDCpT60wzLoR_2sxlX_dUWskzMn5y6Yv-bwlfHAnre1kr5h35KkIqeQ0VBiUkOFcKn5B7H-mRFPpzRtHIyql1-U57PEPaMXL8e6zIw5rdD0bSkN8kCSLL93TAEVEk1jPc8SdExjWDofbNn1FmiuHWXSniOrt&previousPage=lr,https://i.ebayimg.com/00/s/NjAwWDYwMA==/z/YMoAAOSwcJhf0Hjm/$_84.JPG,https://i.ebayimg.com/00/s/NjAwWDYwMA==/z/apMAAOSwGAhf0Hjk/$_84.JPG,https://i.ebayimg.com/00/s/NjAwWDYwMA==/z/Fy8AAOSwEOhf0Hj3/$_84.JPG,https://i.ebayimg.com/00/s/NjAwWDYwMA==/z/xwsAAOSwpqJf0HjK/$_84.JPG
19,porselein,"€ 1.500,00",Porselein uit Doornik,https://www.2dehands.be//a/antiek-en-kunst/antiek-porselein/m1670790134-porselein.html?previousPage=lr,https://i.ebayimg.com/00/s/MTAyNFg3Njg=/z/8j0AAOSwrAFgNSK0/$_84.JPG,https://i.ebayimg.com/00/s/MTAyNFg3Njg=/z/D~kAAOSwXQJgNSK4/$_84.JPG,https://i.ebayimg.com/00/s/MTAyNFg3Njg=/z/uZkAAOSwBTpgNSK9/$_84.JPG,https://i.ebayimg.com/00/s/MTAyNFg3Njg=/z/fxAAAOSwjyRgNSLE/$_84.JPG
20,Russische porseleinen beeldjes,"€ 35,00",Russische porseleinen beeldjes. Maat op foto.Alleen ophalen.,https://www.2dehands.be//a/antiek-en-kunst/antiek-porselein/m1670248058-russische-porseleinen-beeldjes.html?previousPage=lr,https://i.ebayimg.com/00/s/MTAyNFg2Njk=/z/YqMAAOSwjwJgM6B2/$_84.JPG,https://i.ebayimg.com/00/s/MTAyNFg2MDM=/z/tnwAAOSwvClgM6B3/$_84.JPG,https://i.ebayimg.com/00/s/MTAyNFg0OTc=/z/OTYAAOSwUNZgM6B3/$_84.JPG,https://i.ebayimg.com/00/s/NzQ0WDEwMjQ=/z/KWEAAOSwZpJgM6B3/$_84.JPG
21,Porseleinen setje mini?s Duits,"€ 12,00",Porseleinen setje mini’s Duits,https://www.2dehands.be//a/antiek-en-kunst/antiek-porselein/m1671188602-porseleinen-setje-mini-s-duits.html?previousPage=lr,https://i.ebayimg.com/00/s/MTAyNFg1NzY=/z/D48AAOSw~iVgNnOc/$_84.JPG,https://i.ebayimg.com/00/s/MTAyNFg1NzY=/z/uLAAAOSw3ypgNnOb/$_84.JPG,,
22,Luca Varess Cubic midi Lave-mains blanc brillant Porcelaine,"€ 99,00","40,5x20x10,5cm  sans trop plein  avec set fixation.",https://www.2dehands.be//a/huis-en-inrichting/badkamer-badkamermeubels/a67519834-luca-varess-cubic-midi-lave-mains-blanc-brillant-porcelaine.html?c=08c285449651fa109c354bbabe740c1b&casData=D9zvHt2XGfiU7LSSg8aEHEgzCiCNjXa16UcnKfflBpJ1W11ojHvuDNVsa2wV-OrJ7rehsRA6R_w3BshSFEDx-R2UoUrxTkgDxBZmIFk9ALCjZxcFnDYh-xBVTJ_VW-Zo10c2rA2qeNuPv7ig436HEuj1QTWBbDlOZ_i-OoD2znxY306-PkOltQzb5Rb-J3yWcP1HFw9ZYqAxedwKGZhgRPxRlIsshgr4COKuE0o_YrRMqhPCSkrR5nKU6_D8ToJPfxFaAP8YHxcq141MgXyRH6kEQcn7x6CCCCnAdNg-TmuQNLnbePVQ0yPrFXFHPTgPlgrTqtYePk4kpIbY01jWmYfNr3-4w4HCRab_rt_2dv_24j_IacMi0S4UecprBewCahRNlNu61-v71jIKIhfDC_1gDWzx8uWnrTTQdHsCXuz5NkYITUTKoX3j8RKaCJIldNSgk3ldKj66_Bn_x2wSkL8Bq_muW0sX4lrS191XPDkPgFRIand236VkjtXzkJfrrLFJayS0jq1-lzP6-GNgEtY_aNaAXG1-bPkaTlVhxr4erPimXQhbY_L8_ntKR2ReO20ggtxMsc_oxKJSlYRvdaW_YLj3z9bXTzwRUf-FZPU&previousPage=lr,https://i.ebayimg.com/00/s/NzY4WDEwMjQ=/z/G4cAAOSwbWlfXvyz/$_84.JPG,,,
23,Tvee stuks antieke vaasje:porselein,"€ 41,00",Viktoriaanse porselein vaasje met handgemaakt: handchildert. Met moie bloemen motifen ???hoog 16cm:perfekt staat.,https://www.2dehands.be//a/antiek-en-kunst/antiek-porselein/m1671221583-tvee-stuks-antieke-vaasje-porselein.html?previousPage=lr,https://i.ebayimg.com/00/s/MTAyNFg0OTg=/z/uAsAAOSwfmBgNoTk/$_84.JPG,https://i.ebayimg.com/00/s/MTAyNFg0OTg=/z/i5AAAOSwMDJgNoTm/$_84.JPG,https://i.ebayimg.com/00/s/MTAyNFg0OTg=/z/13EAAOSwEBdgNoTn/$_84.JPG,https://i.ebayimg.com/00/s/MTAyNFg0OTg=/z/umQAAOSwYoxgNoTp/$_84.JPG
24,Lavabo in porselein op voet,"€ 30,00",Witte porseleinen lavabo met staander voor de badkamer. Weg wegens verbouwing. Bezichtiging altijd mogelijk.,https://www.2dehands.be//a/antiek-en-kunst/antiek-porselein/m1671199335-lavabo-in-porselein-op-voet.html?previousPage=lr,https://i.ebayimg.com/00/s/NzY4WDEwMjQ=/z/7DoAAOSwgrlgNnh6/$_84.JPG,https://i.ebayimg.com/00/s/MTAyNFg3Njg=/z/FLIAAOSwgjVgNnh9/$_84.JPG,https://i.ebayimg.com/00/s/MTAyNFg3Njg=/z/jk4AAOSwc3dgNnh8/$_84.JPG,
25,Frietzakje porselein,"€ 2,50",Frietzakje porselein,https://www.2dehands.be//a/huis-en-inrichting/keuken-keukenbenodigdheden/m1671192330-frietzakje-porselein.html?previousPage=lr,https://i.ebayimg.com/00/s/MTAyNFg3Njg=/z/KbEAAOSwnBRgNnWp/$_84.JPG,https://i.ebayimg.com/00/s/MTAyNFg3Njg=/z/INoAAOSwl1dgNnWt/$_84.JPG,,
26,H.T. Limoges France - Service à café Art Déco en porcelaine,Zie omschrijving,"Service à café de style Art Déco en porcelaine de Limoges, datant des années 1930. Forme et anses typique Art Déco. Décoration de motifs floraux peint",https://www.2dehands.be//a/antiek-en-kunst/kunst-designobjecten/a71820881-h-t-limoges-france-service-a-cafe-art-deco-en-porcelaine.html?c=08c285449651fa109c354bbabe740c1b&casData=_uMRMuQSSiHxKfcz5_Y6b-LqcinNuXLlenxV2u0WKaNIYlx-QrZ8ar6BFug1t4-hwyFN1ps7QmkJdFLQ5gm2I-1dUsxtT1n0ZqrwqQGiYHVmAxWwj0O4P5JQ_GhnfnBoHHVQPzZM2qupW6-gxlC840n9wMw6fIZYMK9v-N7aCnROH-mhv78HUIao_tzri4h-o_Kk5855jANMY8BjnI5ToBv_s7-MXPFt-y2s8cXUtRqw7Ie_5HTZZfxJp1Bq_8jyAzLY9nKqwBxyj2fbbdEzUz8x-dm-7eIj3tRCN3PgPige2Ht8qAD63WgQv5HgFt63fw9bt_vRKBRkjOXAkevwCHUDL0R-tdqdTNFhBhDgcrRvFBOffxljDc9kTRyXc4xCW0nQj9hQH3wSphWr_BodaTknwIOHVyCdbQ0Ykrxci6d4H08cS9JjagG3977m1OiSBawXpdpcGpFoC_hF33qeJz7wOvU02DGmmQotq4tMF_a_wBkJfdnbK9EWzA-c_O3rGm4w1UhV6J57dydxqMI65CSATZuP62NhHiXoS3bFm1PE-wP4UFTBFl615TA_V0rutbF_7cxfLOIpOc5mN-gOC4eqtAqNNX8s1hW-IlqcOYM&previousPage=lr,https://i.ebayimg.com/00/s/NDcyWDcwMA==/z/Tf8AAOSwTNBgL2jo/$_84.JPG,https://i.ebayimg.com/00/s/NTI1WDcwMA==/z/U5cAAOSwAcdgL2j4/$_84.JPG,https://i.ebayimg.com/00/s/NDUxWDcwMA==/z/EWIAAOSwlztgL2jp/$_84.JPG,https://i.ebayimg.com/00/s/NTI1WDcwMA==/z/BwIAAOSwKVBgL2ju/$_84.JPG
27,antieke porseleinen santa met slee kaarsenhouder   kv90,"€ 30,00","leuke porseleinen santa met sleeom twee kleine Kerstkaarsjes te brandenperfecte staatDuitse origine, enkel een nr 822210 cm x 7 cm hoog",https://www.2dehands.be//a/antiek-en-kunst/antiek-porselein/m1671195802-antieke-porseleinen-santa-met-slee-kaarsenhouder-kv90.html?previousPage=lr,https://i.ebayimg.com/00/s/NzA2WDEwMjQ=/z/DfkAAOSw8HpgNnbu/$_84.JPG,https://i.ebayimg.com/00/s/NjY5WDEwMjQ=/z/MUUAAOSwEbhgNnbv/$_84.JPG,https://i.ebayimg.com/00/s/Njg5WDEwMjQ=/z/Vb0AAOSwRZpgNnbv/$_84.JPG,https://i.ebayimg.com/00/s/NjgxWDEwMjQ=/z/rL4AAOSwUhJgNnbv/$_84.JPG
28,koffieservies in porselein,"€ 30,00",koffieservies in porselein,https://www.2dehands.be//a/antiek-en-kunst/antiek-servies-compleet/m1671167574-koffieservies-in-porselein.html?previousPage=lr,https://i.ebayimg.com/00/s/NzY4WDEwMjQ=/z/HHIAAOSw8U5gNmnj/$_84.JPG,,,
29,Eetservies in porcelein,"€ 30,00",Eetservies in porcelein,https://www.2dehands.be//a/antiek-en-kunst/antiek-servies-compleet/m1671171058-eetservies-in-porcelein.html?previousPage=lr,https://i.ebayimg.com/00/s/NzY4WDEwMjQ=/z/gxgAAOSwfmBgNmtx/$_84.JPG,https://i.ebayimg.com/00/s/NzY4WDEwMjQ=/z/ALQAAOSwSLlgNmty/$_84.JPG,https://i.ebayimg.com/00/s/NzY4WDEwMjQ=/z/mMsAAOSwsPZgNmt0/$_84.JPG,https://i.ebayimg.com/00/s/NzY4WDEwMjQ=/z/BccAAOSwIXdgNmt2/$_84.JPG
30,Linie Lavo vasque à poser porcelaine Ø32cm,"€ 199,90",,https://www.2dehands.be//a/huis-en-inrichting/badkamer-badkamermeubels/a67500913-linie-lavo-vasque-a-poser-porcelaine-o32cm.html?c=08c285449651fa109c354bbabe740c1b&casData=VX8fkhJ86svkYhBvEWoFMBsf7XJDVXkY6GQmY7LvfAYJJCc_BS7jkyJhZtXFWSBCmQqAYN_E6vAmggmcRgaUXaTNJU1rRDWRDF0jr-PWXykXnIxgm2Pn-Ldrt-3lAgL9QCv8PJEulDfmn6gHXYD7jzVcgW3eOcBkDqO4wCgza7c2e60TACd3m6j6qja82IoR5xFA8BCH4CSZFmTo8FGN97XRSD2Amwju0jOrVlj1CEjd-Ip_DFvNBRLaWWt9r--KB0c4KsQ-zDHucQshC1w1J3SHaWRsnPOLFVy1kVU9UzVW8iugLXQAspZp00pZ8NgmsvPQLJBv8L9W_doxTpDsh_lWuPnXMisYTSwiLPfWgGfFONqzDXQfUlJAxzXq1F1k_2nu6TTt_10I3BPqQEB2hQ2cniqPPA6TWHgZQGCVjG61cFAubuoVBxamFtOhU-WW6MIWTiZ4rb1kl7_QV2PUfj-c9VBQmG0BD6dMVuqa3ePxqWEm3uH7IUc7lPlAATcAtWVjji7VF4weQZ0fOYtUDpQQzWbd3s7Uw8ICFvISzI0kRPDpgCwMw-F6dCRaCiUWoE1fkRgNcm85athR6Wo7w4FZVzxc6BxDFwmUG2C7oZA&previousPage=lr,https://i.ebayimg.com/00/s/MTAyNFgxMDI0/z/kvkAAOSwvAJfXFnA/$_84.JPG,,,
31,Porseleinen servies Bavaria,"€ 25,00",Porseleinen borden Bavaria,https://www.2dehands.be//a/huis-en-inrichting/keuken-servies/m1671187530-porseleinen-servies-bavaria.html?previousPage=lr,https://i.ebayimg.com/00/s/MTAyNFg3Njg=/z/B4UAAOSwH8VgNnND/$_84.JPG,https://i.ebayimg.com/00/s/MTAyNFg3Njg=/z/et4AAOSwfz9gNnNH/$_84.JPG,https://i.ebayimg.com/00/s/MTAyNFg3Njg=/z/t0MAAOSwzypgNnNK/$_84.JPG,https://i.ebayimg.com/00/s/MTAyNFg3Njg=/z/aFMAAOSwIStgNnNN/$_84.JPG
32,grote asbak G D P porselein,"€ 10,00","grote asbak G D P porselein in perfecte staat afm zijn 21,5 op 21,5 cm",https://www.2dehands.be//a/antiek-en-kunst/antiek-porselein/m1671135761-grote-asbak-g-d-p-porselein.html?previousPage=lr,https://i.ebayimg.com/00/s/NzY4WDEwMjQ=/z/~0sAAOSwgjVgNm2z/$_84.JPG,https://i.ebayimg.com/00/s/NzY4WDEwMjQ=/z/GL0AAOSwQuVgNm3J/$_84.JPG,https://i.ebayimg.com/00/s/NzY4WDEwMjQ=/z/qWoAAOSwSURgNm3f/$_84.JPG,
33,Van Heck Titanic Waskom 50x41x17cm ovaal porselein wit,"€ 425,00",De Titanic wastafelkom is de originele replica van de kommen op het befaamde schip. Wij hebben de rechten verkregen om het origineel na te maken en zo,https://www.2dehands.be//a/doe-het-zelf-en-bouw/sanitair/a55459818-van-heck-titanic-waskom-50x41x17cm-ovaal-porselein-wit.html?c=d97e27c274e75147b4afd0f5eb58c81b&casData=6N7wN13ejg5PkV5OxqVnSGbXZbGMTe0S3xzsg9rWv8vkpEJhE0ox3-c-E1nnNoJbTyUf2QNvIp3yjYRlLbvKl88gpHie-83mbv3KYwh1Q2zRqxdXgdNCWjzeDpUdEWR02DXE_faH30NmE-aMKBKn6DaO07dja5kSm0n43WoPbkcSx_KNZhdhduOqAKQiMPzuPJVxn24pzrNsOSxfoppPEusTGvZr5lKq2IiBTkzjd9in6S7w57VY2lTs3VlnBHca1ABZttzt5MjETdRU2Wd6iwzjBg_ircAXYuK7iPXuRNbnn1bn9LdQDjblxe0rUqUapCvQS9LJq9ei5KuW3I0EqqdJb0IAekyYsCGvgq6m9n7GsxUOWkfv-R1KWnxi7sl2jzfn-TRKtCqykQkkda7XCNq3C8h9bYGTbL2axB3iqFgB-R_2Tmx7nr7WE2fVlTzmM43-3FdxD2w9SW84Rl4pLilsbQ8VvNWaVVxN4Q7uLEsbLxAADpiPyoDZV19KIChP_RG-ATeE_tBmT10vanNUy0EsbqZwY_2ubZKfK3nOriAii_jh2jH94MMrhLWH3pAWtEj1OLtQzSGNbPRIpyEkSmNO55ucmIvUEBjD-7nSqXS-aObALY4uJDiiIAra5SzO&previousPage=lr,https://i.ebayimg.com/00/s/NjAwWDYwMA==/z/YMoAAOSwcJhf0Hjm/$_84.JPG,https://i.ebayimg.com/00/s/NjAwWDYwMA==/z/apMAAOSwGAhf0Hjk/$_84.JPG,https://i.ebayimg.com/00/s/NjAwWDYwMA==/z/Fy8AAOSwEOhf0Hj3/$_84.JPG,https://i.ebayimg.com/00/s/NjAwWDYwMA==/z/xwsAAOSwpqJf0HjK/$_84.JPG
34,Luca Varess Cubic midi Lave-mains blanc brillant Porcelaine,"€ 99,00","40,5x20x10,5cm  sans trop plein  avec set fixation.",https://www.2dehands.be//a/huis-en-inrichting/badkamer-badkamermeubels/a67519834-luca-varess-cubic-midi-lave-mains-blanc-brillant-porcelaine.html?c=d97e27c274e75147b4afd0f5eb58c81b&casData=BTBlW1ex_3EEkn0_UjBLZ6Fy9NBZF8pQvBbmqZ-qiXBDNrlmlAtKlnXXRmFP4QakqcDfX7pYFwRPjotSr8T73XpJXSS7xtX_jHopgKieJ2euZ23QZI5zf2Y7fIdgIEJN4-1AY1vqj0zmK8vcSQj4PZ74VFmjeoDi2868rIdZ1cvI6kZGPY8iBIQY8WCTvk_i8_YNrKITkirI76_B_j-bsgXr-8TjaD6f9Gzn3AjwNDx5RzJQyHSFr4VcA8pK6lOPAdxKS3u8MFhz1k9wpzLuHhMWjTxaFURPSuEdvJ-cZBdb4d9T5j5lRKxpyFHxpgcBtBnw3X0s1mFWbQrdBjgTUkWRvlu9Wj06hePd2tdX2ucYpDJ7xjV2w3r1ruiKxpBu5FzPdTTN_wUhVsEHCFdX6OcRfpbhGRfZYFxVe8ULxn0FriQwJ0RT_Jy2xS4odg-FE0wfLiROMhxq_bnmOqCjEu48J8vEGSgF_SVbhobATsVU32VDoQ_lQQAQxeCash4lAhnTD9ZCEyKl-R2nW6KL1m6EvSP5MyoqvKnVCj7u__kls1cKL0gT32PlAO8G1GfOaB5DazUAIJnTZPq7kIJSIgLXSpfM-HejzRMoHjvC4UqtX77teQClGHoLzKwHug9M&previousPage=lr,https://i.ebayimg.com/00/s/NzY4WDEwMjQ=/z/G4cAAOSwbWlfXvyz/$_84.JPG,,,
35,H.T. Limoges France - Service à café Art Déco en porcelaine,Zie omschrijving,"Service à café de style Art Déco en porcelaine de Limoges, datant des années 1930. Forme et anses typique Art Déco. Décoration de motifs floraux peint",https://www.2dehands.be//a/antiek-en-kunst/kunst-designobjecten/a71820881-h-t-limoges-france-service-a-cafe-art-deco-en-porcelaine.html?c=d97e27c274e75147b4afd0f5eb58c81b&casData=OLdCHsgk4zLRVjfJLyjTsclvRUw5OYwHr0TwkghiF7c0PddAcJo57VlyLlYgcnkwxGmmJJiu5duNeliPJdmy0e9or1okUbeDhWD_vX2pQ6PBhKoRUaeffBuY8n-kIUR6-dqqz6pdx03r3JGRLRlIcVmlw6AHAdzruvfiaFjWr6V5YX0teGSCiJSCTunhIaoM5em1M5umRFVLg0o9pTkUxh3SPSG705jRw5LmFugrumF0Yj_crh7Vn83ixM11EH0CLsow7oEGI7jlbSfK7T5N7DrRrcttdNKKJ2UXhIbCsnmxELCB1QB867AEaxd95xyE1wErerqZPT2_8Nt-Jv6qb3fPHC5zvkyzmtMrV-GyM3Drb5QgtVB3LACJsbS7A7QvW76xYrng2R1q6oTb3SepL80oPb4vCHYD8ySX7qGL53gQfmXNN5-UHlb8midBvbir2q-0qfEcqdDyCSDCITeg04KSwhQF5cttW2T3P5JPrfuXy5nShzyVnNwmOi4USkKJzLWltnHd1tEiJovenjm61UN6BzbW-SbdDXwgABcJgMX_NYFnB-AXPqbUM9Q838-taorljwyp4TLccYqvTROmL98AoZNue4iQfQcyuiRWJgVov62-HZ1wGQOfKp1qbrfj&previousPage=lr,https://i.ebayimg.com/00/s/NDcyWDcwMA==/z/Tf8AAOSwTNBgL2jo/$_84.JPG,https://i.ebayimg.com/00/s/NTI1WDcwMA==/z/U5cAAOSwAcdgL2j4/$_84.JPG,https://i.ebayimg.com/00/s/NDUxWDcwMA==/z/EWIAAOSwlztgL2jp/$_84.JPG,https://i.ebayimg.com/00/s/NTI1WDcwMA==/z/BwIAAOSwKVBgL2ju/$_84.JPG
36,porselein,Bieden,"Antiek servies: 5 dessertbordjes, 6 onderzetbordjes en 4 kopjes.",https://www.2dehands.be//a/antiek-en-kunst/antiek-porselein/m1670000270-porselein.html?previousPage=lr,https://i.ebayimg.com/00/s/MTAyNFg0NjE=/z/z6wAAOSwctVgMqLD/$_84.JPG,https://i.ebayimg.com/00/s/MTAyNFg0NjE=/z/5oYAAOSw-F5gMqLF/$_84.JPG,https://i.ebayimg.com/00/s/MTAyNFg0NjE=/z/P7gAAOSw7GpgMqLG/$_84.JPG,https://i.ebayimg.com/00/s/MTAyNFg0NjE=/z/2OMAAOSw55dgMqLH/$_84.JPG
37,Voorgerecht/Dessert bord porselein Ø24cmEMGA,"€ 5,20",Voorgerecht/Dessert bord porselein Ø24cmAltijd gratis bezorgd v.a.24 uur levertijd 100% Garantie Altijd de laagste prijs Gratis offerte check 100.000+,https://www.2dehands.be//a/zakelijke-goederen/horeca-keukenapparatuur/a65897909-voorgerecht-dessert-bord-porselein-o24cmemga.html?c=08c285449651fa109c354bbabe740c1b&casData=i9AcBe-QKS4D96NotLqt2gKwFSTKOt32WNHQ-Q8TTvnUbFxb0kH2VL1CupETIM1_gadcoijATJLDfOmNwr_dORZRXIxouWnRyanpokjM6Ra29aPuh_IzjEabuVdGeo6tu0pueqDP_Ced55SRcz87dS23U_3nJGbFZ1dhuWI6S2JUMm1rjPhXthe-HXwqI1lZFlfVWqb-9roiHOOsoUFDrMUdwJ5SpeVmXopq4L3PgDe9HmX_Z2NpojztqQApPcx8e8lVEp7mttji6r_5YDmBhb6f4bp41qUuXRTl45kz2_EBE1yhyqvxfhR7--sGPN6EvAjumfLib3LmYIhvBIngD4SH02cHuXd1BGyfEYVzKC01yuQZrka6EZ4m6Y2YLMzG5_pvkDJ9kQZblh5oxhTTpW_OFvWFS4i8SxjHE1cF8x_ipTFRDQxRNQUjFBQSOS-vzpESym9zQ_iOspy89td0yWGBTCKeH31Wdwtt_gHFaQ0IngVQLqsY1XrVAcGKFVQW3jjLK39TphwP_dsRF6NbkqtFFhtNDBreBVV-Gb1_RPb-eMFySCDXXTqvwgm10vHhiHGuX4qMEfjc4v-4YMuR3wCloTxL80EYC_o9ZwSDAN0&previousPage=lr,https://i.ebayimg.com/00/s/NTAwWDUwMA==/z/cXkAAOSwXoRgBeYT/$_84.JPG,,,
38,Chinese beelden porselein ( de 3 wijze ),"€ 30,00",Mooie Chinese beelden van 30 a 40 cm . Mag weg wegens leegmaken grootmoeder haar huis en kunnen niet alles bijhouden ! Geen schade enkel een beetje op,https://www.2dehands.be//a/antiek-en-kunst/antiek-porselein/m1670639392-chinese-beelden-porselein-de-3-wijze.html?previousPage=lr,https://i.ebayimg.com/00/s/MTAyNFg1NzY=/z/uQsAAOSwFk1gNNvk/$_84.JPG,https://i.ebayimg.com/00/s/MTAyNFg1NzY=/z/tiMAAOSwFh5gNNvj/$_84.JPG,https://i.ebayimg.com/00/s/MTAyNFg1NzY=/z/5UYAAOSwz5JgNNve/$_84.JPG,https://i.ebayimg.com/00/s/MTAyNFg1NzY=/z/lZYAAOSwX1VgNNvk/$_84.JPG
39,Weens porselein servies delen,Bieden,1 schaal en 12 borden.  In montfort Nederland op te halen of post.,https://www.2dehands.be//a/antiek-en-kunst/antiek-porselein/m1671220418-weens-porselein-servies-delen.html?previousPage=lr,https://i.ebayimg.com/00/s/NzY4WDEwMjQ=/z/oVwAAOSwlYtgNoOq/$_84.JPG,https://i.ebayimg.com/00/s/NzY4WDEwMjQ=/z/PssAAOSwhAJgNoPF/$_84.JPG,,
40,Porseleinen pop op staander 50 cm,Bieden,Porseleinen pop op staander 50 cm,https://www.2dehands.be//a/verzamelen/poppen/m1670387037-porseleinen-pop-op-staander-50-cm.html?previousPage=lr,https://i.ebayimg.com/00/s/MTAyNFg1NzY=/z/NDcAAOSwURJgM9kB/$_84.JPG,https://i.ebayimg.com/00/s/MTAyNFg1NzY=/z/pXQAAOSwdRJgM9kC/$_84.JPG,https://i.ebayimg.com/00/s/MTAyNFg1NzY=/z/v9AAAOSwER1gM9kE/$_84.JPG,https://i.ebayimg.com/00/s/MTAyNFg1NzY=/z/yHMAAOSw-CFgM9kF/$_84.JPG
41,Nemo Start Star hangwc 355x515x310mm porselein wit,"€ 68,46","Nemo Start. Star+. Hangwc, wit porselein. Horizontaal uitgang (H). Zonder zitting. Fixatieset niet inbegrepen.====================================Waar",https://www.2dehands.be//a/doe-het-zelf-en-bouw/sanitair/a65342821-nemo-start-star-hangwc-355x515x310mm-porselein-wit.html?c=08c285449651fa109c354bbabe740c1b&casData=_cRDOuO7COXU7Zy3yUX-19wtUAoiOteVgyYZHXz56trE39r2kTT-At33BMcMLBuokPU9UXaLA49LQN19S2gMRJEhsztEV6A9qDBf5t8aGjWQa7Te9AA-cUDvogFt2Gj55qiTDADmLfjDAAGUtp8USIIUKgF5xcc3kmm6iIkKqxz-vMwdsK7Hq86c4wG0OJCvztb0nM7bIX53PkjCfZdAGftJgEvNR5hAI1-UKq3MDrIx3zu_HjrOoVmYjcevIfoipeHOvc38hho6bioOQQCQuF2a5abhRlaF0UavRdh83egKwHFGKH0tmaxPxPViE080RWm7ohJx0TxhPCARu--08gOOYCcPFHr2-QLdB0rj8YBtonBgQ5NYkZ97vvQJwS6R_CTAEevThHJSIVKawILhZg2xCiVWsCLdbpDDDjoQANuKsUiyA7nUvVSkd5B_XEWdIR1jLFO39CaRS0WzK4vqmmCg9S9-SYcD0KTOdG6Q2eFMyVp8owiuOdPKE0MNCmrz4bimzZaum1lo3Yn1kmUlDaahLoxSNuYYsrj9wXhE1OiRdNBJVbw8jx6hCoq4nQlqKyc-J9FCaGz-zow-V6SWbqccIacZwAs_o9je0SUD7GQ&previousPage=lr,https://i.ebayimg.com/00/s/NjAwWDYwMA==/z/kygAAOSwO8Vft2tR/$_84.JPG,https://i.ebayimg.com/00/s/NjAwWDYwMA==/z/1esAAOSwdmJft2tR/$_84.JPG,https://i.ebayimg.com/00/s/NTc2WDEwMjQ=/z/WtwAAOSwJVJft2tR/$_84.JPG,
42,Verschillende Porseleinen beeldjes,Prijs o.t.k.,Verschillende Porseleinen beeldjes,https://www.2dehands.be//a/verzamelen/overige-verzamelen/m1671139663-verschillende-porseleinen-beeldjes.html?previousPage=lr,https://i.ebayimg.com/00/s/MTAyNFgxMDEz/z/UMoAAOSwbG5gNlvL/$_84.JPG,https://i.ebayimg.com/00/s/MTAyNFg2OTE=/z/FusAAOSw0PNgNlu6/$_84.JPG,https://i.ebayimg.com/00/s/MTAyNFg2OTA=/z/uMwAAOSwctVgNlvG/$_84.JPG,https://i.ebayimg.com/00/s/MTAyNFg5Mjk=/z/d9gAAOSwagpgNlvG/$_84.JPG
43,Schoolbank + porseleinen inktpot,"€ 110,00",Zeer mooie schoolbank met porseleinen inktpot.Kan verzonden worden naar de provincie Luik,https://www.2dehands.be//a/antiek-en-kunst/antiek-meubels-tafels/m1671215808-schoolbank-porseleinen-inktpot.html?previousPage=lr,https://i.ebayimg.com/00/s/MTAyNFg5OTY=/z/I3gAAOSwAQJgNoF0/$_84.JPG,https://i.ebayimg.com/00/s/OTE2WDEwMjQ=/z/OlIAAOSwTfNgNoF2/$_84.JPG,https://i.ebayimg.com/00/s/MTAyNFg3Njg=/z/BnMAAOSwkSZgNoF4/$_84.JPG,https://i.ebayimg.com/00/s/NzY4WDEwMjQ=/z/ESAAAOSwpe5gNoF6/$_84.JPG
44,Porseleinen beeld van een zeeman,"€ 15,00","Klein porseleinen beeldje van 15 cm hoog dat een kind verkleed als zeeman voorstelt, in perfecte staat.",https://www.2dehands.be//a/antiek-en-kunst/kunst-beelden-en-houtsnijwerken/m1671216768-porseleinen-beeld-van-een-zeeman.html?previousPage=lr,https://i.ebayimg.com/00/s/NzY4WDEwMjQ=/z/zhQAAOSwT~dgNoFz/$_84.JPG,https://i.ebayimg.com/00/s/NzY4WDEwMjQ=/z/SC0AAOSwTQxgNoF-/$_84.JPG,https://i.ebayimg.com/00/s/NzY4WDEwMjQ=/z/qskAAOSwsRRgNoGH/$_84.JPG,https://i.ebayimg.com/00/s/NzY4WDEwMjQ=/z/kxoAAOSwt5ZgNoGR/$_84.JPG
45,ACTIE! Nemo Start Star handenwasser porselein,"€ 56,71",Nemo Start. Star+. Ovaal fontein in wit porselein met voorgeboord kraangat centraal en overloop.====================================Waarom Sanitairwin,https://www.2dehands.be//a/doe-het-zelf-en-bouw/sanitair/a65342817-actie-nemo-start-star-handenwasser-porselein.html?c=08c285449651fa109c354bbabe740c1b&casData=dTfbvkVZA48iWjWWYgqAQoOzGCa5_SnDMYg773-U_CKBkfeO5RR0_N5L8Lomwkf5RlKpajbkrWsemVQkh_A7BJF6dE6DpOPB_EmsXdK3TtceBwBl8AslL-u70UV9V8DennvTOtvm-oejZI8veLfi8lpJCjVCi_x21ZGmqjSL5J3iplZJRpBWbInh1J8quxEY9Bl4bxRTss6U6KT01-KruH-skkCgNp0dvesU5T_TganKlpeaDc6aAveEZT-UQyNwnWASLIo6erQEsovC2eQADdSih0aaXf0i3C8AqVs2QHiUUFlczMRmU6nzGF2yJt9Y8JDrpRJNqmxkHo9TLr_3lMeUfoaIoTwbEtEKNeroEYgysgTdMoaOj_B3Jk-lVsBup_J1t-0naI_exyBPD00BYNpZ55L3ArebyjEraBX8vpESx6a33W6dgSSibqGLIFESvbuVykYzZ44zKXx6wctR9lAoylkEUT6HTVd184DuVy4N2jefFRlcR8VOD5QtcBmUdAmlx9lYC-rXcLAeeeA6uZH7snrbuEJ2YBqCPC9hhQs679O3di_y8GV2euUD6Bpka-Xqx2Vydezkk1YTtuRf7mJeWebMU1wC9kpBxan8CfU&previousPage=lr,https://i.ebayimg.com/00/s/NjAwWDYwMA==/z/JaAAAOSwJt5folXl/$_84.JPG,https://i.ebayimg.com/00/s/NjAwWDYwMA==/z/rRoAAOSwkDFfolXm/$_84.JPG,https://i.ebayimg.com/00/s/NTc2WDEwMjQ=/z/AzkAAOSw101folXm/$_84.JPG,
46,Chinese porseleinen pot,"€ 60,00",Mooie Chinese porseleinen pot 16x18cm 24cmH.,https://www.2dehands.be//a/antiek-en-kunst/antiek-porselein/m1671057155-chinese-porseleinen-pot.html?previousPage=lr,https://i.ebayimg.com/00/s/NzY4WDEwMjQ=/z/DLoAAOSwIwlgNjO~/$_84.JPG,https://i.ebayimg.com/00/s/NzY4WDEwMjQ=/z/E6EAAOSw2QlgNjPD/$_84.JPG,,
47,Antieke porseleinen snuifdoos vrijmetselarij,"€ 235,00",Zeer fraaie met de hand rijk gedecoreerde antieke porseleinen snuifdoos van de vrijmetselarij.Met mooie bronzen striksluiting. In perfecte conditie ve,https://www.2dehands.be//a/antiek-en-kunst/antiek-porselein/m1671152375-antieke-porseleinen-snuifdoos-vrijmetselarij.html?previousPage=lr,https://i.ebayimg.com/00/s/NjgzWDEwMjQ=/z/I5EAAOSw-DtgNmKJ/$_84.JPG,https://i.ebayimg.com/00/s/NjgzWDEwMjQ=/z/m6IAAOSwjBdgNmKI/$_84.JPG,https://i.ebayimg.com/00/s/ODQzWDEwMjQ=/z/0mkAAOSw7T9gNmKJ/$_84.JPG,https://i.ebayimg.com/00/s/MTAyNFgxMDE1/z/js8AAOSwzypgNmKJ/$_84.JPG
48,Licht blauw wasbak en zuil en wandrekje (porselein),Gratis,Licht blauw wasbak en zuil en wandrekje (porselein),https://www.2dehands.be//a/doe-het-zelf-en-bouw/sanitair/m1671096158-licht-blauw-wasbak-en-zuil-en-wandrekje-porselein.html?previousPage=lr,https://i.ebayimg.com/00/s/MTAyNFg3Njg=/z/TTEAAOSwVTdgNkff/$_84.JPG,https://i.ebayimg.com/00/s/MTAyNFg3Njg=/z/LbEAAOSw8yJgNkfe/$_84.JPG,https://i.ebayimg.com/00/s/MTAyNFg3Njg=/z/U38AAOSwH1JgNkff/$_84.JPG,
49,Van Heck Boat Waskom 53.5x42x16.5cm ovaal porselein wit,"€ 445,00",De Boat waskom is natuurlijk prachtig in een landelijke badkamer. Een ware bestseller!====================================Waarom Sanitairwinkel?- Grat,https://www.2dehands.be//a/doe-het-zelf-en-bouw/sanitair/a55459527-van-heck-boat-waskom-53-5x42x16-5cm-ovaal-porselein-wit.html?c=08c285449651fa109c354bbabe740c1b&casData=kg3uH0cd_a4S8wkxElvUwyDtPw7bB8yTmsDaPwfsRac9px_UD4D0ZsVZpE1mtlgQG1ogEpCV_sQTMOhMjWQfeSnlu6PhIzNb8SuHe6KZ1w5F9cWCkiQEUpRCu5QRQryINKYr7qMmcgduIX-N5z-Tu14HHUjaKKuO8eIwdxS9V7Re9yr7uwYrVJ3X1mADxlUdGe9OkHovK3lxZQcwqjTbePGulgr4ak9eLkWgUWEUgcLoW4AgvZq09VcWzqC24k7AqAWJKtg_1kw8OUAALrXVZtkz4JuDXd1i8vlxBXEALfLcqHwH7lLv4UgMUiQskDK9yJFf4Ym8JZkRgd7wglS0vAbTHhzyiP2CVVDw8hYlZyLtYObvCPOTlQfuruHSQYhG9C7sdl8W51WjreFAJxcNxRbk7TczA0Qpoq88JN4zdf-H_U9zq3x1NuAr4-aT0P0hx5DzvpknZCiY_SIOuMJHBjA0wzHpM2d7EJvsvJ95vtec60Bb9HRQuM6Do8GrACG0vX0XzUk2tgqtpKDxuve8pMZF5S-wRpu6VrZ2T0tgQ-Z4xyWot_IDaK-_ozpy3QaWXH3EyP4PrX70YDTPoyxN4wv6_lymg_LaTr4-sPlnPq8&previousPage=lr,https://i.ebayimg.com/00/s/NjAwWDYwMA==/z/wA0AAOSwaJ9f0HjB/$_84.JPG,https://i.ebayimg.com/00/s/NjAwWDYwMA==/z/qWUAAOSwZDdf0HkT/$_84.JPG,https://i.ebayimg.com/00/s/NjAwWDYwMA==/z/~EYAAOSwCKxf0Hju/$_84.JPG,https://i.ebayimg.com/00/s/NjAwWDYwMA==/z/lhYAAOSw22Ff0HkT/$_84.JPG
50,Taartschaal in Oud Brussels porselein.,"€ 7,00",Taartschaal.,https://www.2dehands.be//a/antiek-en-kunst/antiek-porselein/m1671078588-taartschaal-in-oud-brussels-porselein.html?previousPage=lr,https://i.ebayimg.com/00/s/NzY4WDEwMjQ=/z/GLYAAOSwliBgNj8c/$_84.JPG,,,
51,3 mooie porseleinen kopjes en schoteltjes,"€ 2,00","3 mooie porseleinen kopjes en schoteltjes, 2€ tesamen",https://www.2dehands.be//a/huis-en-inrichting/keuken-servies/m1671134114-3-mooie-porseleinen-kopjes-en-schoteltjes.html?previousPage=lr,https://i.ebayimg.com/00/s/NzY4WDEwMjQ=/z/70YAAOSwaRhgNlns/$_84.JPG,,,
52,2 Kruikjes in Oud Brussels porselein.,"€ 15,00",Kruikjes.,https://www.2dehands.be//a/antiek-en-kunst/antiek-porselein/m1671078258-2-kruikjes-in-oud-brussels-porselein.html?previousPage=lr,https://i.ebayimg.com/00/s/NzY4WDEwMjQ=/z/2i8AAOSwNqNgNj7t/$_84.JPG,,,
53,Gemberpotje - Porselein - Dragon - China - Republieke,Zie omschrijving,Prachtige gemberpot in de keizerlijke kleur geel met vijf tenige draken en floraal decor in een samenhangend geheel. De deksel is versierd met een mon,https://www.2dehands.be//a/antiek-en-kunst/antiek-overig/a72008303-gemberpotje-porselein-dragon-china-republieke.html?c=08c285449651fa109c354bbabe740c1b&casData=JWY2Aj-_jsD710JOT9Rp5A2rL5QLlljDo9cqrerGoFhkq2i3bS58VWEHdGKmb67hQm-qsUOfBXYZ4x_SfYr8E_9_zO255SxQqwJNZWUlt0fYgyxrtvtIFOg2T3z0aWBY1a4EVXr7AtmacjONylKSBYsM3a_PJmJV9UUL7Yuew1sjWJ8Jm3keax6GlGQU3rEOBvslNaxJDVmoLlYxCEUimywg_93XTLkKJT_vQF-wZU9QtfoweUpUaBqtqjvQEfrFJLo2rI1n9yXlgTbJD3Z22lJ5zKmqMsnKtSl_6MuIimda1EeiuloD81V3T_VyYPBN-fGxcQW3glcVBxxEVGbEIGdb6ARwop8p7g29RYm4j55RrSxBDU8iKeopzH2ksnA-_qV8OC0u7ZhfCSyMJgFAp8Qrtga1mqsRJNT0jdXio1faVC5_zVRXJz478i1K6Mb8E_U8jDeV83AWcS4dCtjtYtRWWTUEdcUMWjx6HesuCPGRlJsx4WcZEcCuA-naTYrBwQUQNcPJG49TaamUUz_Be5czsbiaNht3OjHqydm_5LDGnD00-YtEHLamtaZrXkr1l2LOHOtJuyw-tqFtxXpreZ9gK7wlTmCuhGYsDuxCbyQ&previousPage=lr,https://i.ebayimg.com/00/s/NzAwWDQ3OQ==/z/gxUAAOSwIe1gNnON/$_84.JPG,https://i.ebayimg.com/00/s/NzAwWDQ4Mw==/z/I0cAAOSwHtxgNnNv/$_84.JPG,https://i.ebayimg.com/00/s/NzAwWDUwOA==/z/3BkAAOSwlq1gNnN6/$_84.JPG,https://i.ebayimg.com/00/s/NzAwWDUzOQ==/z/u2EAAOSwA8FgNnN6/$_84.JPG
54,Porseleinen Capodimonte terrine met putto (Italië),"€ 25,00",Porseleinen Capodimonte terrine met putto (Italië)Porcelain Capodimonte terrine with putto (Italy)Merk: Capodimonte ItalyMerknummernummer: 1677Product,https://www.2dehands.be//a/antiek-en-kunst/antiek-porselein/m1671219450-porseleinen-capodimonte-terrine-met-putto-italie.html?previousPage=lr,https://i.ebayimg.com/00/s/NzQ2WDEwMjQ=/z/JpEAAOSwZrJgNnzE/$_84.JPG,https://i.ebayimg.com/00/s/NzQwWDEwMjQ=/z/~cgAAOSws2dgNnzE/$_84.JPG,https://i.ebayimg.com/00/s/NjU3WDEwMjQ=/z/0KkAAOSwjBdgNnzd/$_84.JPG,https://i.ebayimg.com/00/s/NTc2WDEwMjQ=/z/BTgAAOSwryBgNnzo/$_84.JPG
55,Bavaria: porseleinen vaasje 7665/4,"€ 20,00","Merk: BavariaType: Gerold PorzellanKleur: witMateriaal: porseleinAfmetingen: hoogte: 12,5 cm; diameter: 7 cmZeer mooi antieken klein wit porseleinen v",https://www.2dehands.be//a/antiek-en-kunst/antiek-porselein/m1671155500-bavaria-porseleinen-vaasje-7665-4.html?previousPage=lr,https://i.ebayimg.com/00/s/MTAyNFg2ODM=/z/RdEAAOSwUJtgNmQO/$_84.JPG,https://i.ebayimg.com/00/s/NjgzWDEwMjQ=/z/sH4AAOSwVgtgNmQW/$_84.JPG,https://i.ebayimg.com/00/s/NjgzWDEwMjQ=/z/XmcAAOSwsTxgNmQe/$_84.JPG,
56,Imari porseleinen schaal - Japan - 47cm - eind 19e eeuw,"€ 290,00","Betreft: Imari porseleinen schaalAfmeting: 47 x 47 x 8 cmGewicht: 3,3 kgConditie: goede staatGesigneerd: op de achterkantPeriode: eind 19e eeuwHerkoms",https://www.2dehands.be//a/antiek-en-kunst/antiek-porselein/m1671092504-imari-porseleinen-schaal-japan-47cm-eind-19e-eeuw.html?previousPage=lr,https://i.ebayimg.com/00/s/NzAwWDEwMjQ=/z/tCkAAOSwKptgNkXf/$_84.JPG,https://i.ebayimg.com/00/s/MTAyNFgxMDAz/z/91EAAOSwJeBgNkXe/$_84.JPG,https://i.ebayimg.com/00/s/OTYzWDEwMjQ=/z/kmcAAOSwJBBgNkXf/$_84.JPG,https://i.ebayimg.com/00/s/NjA2WDEwMjQ=/z/hCoAAOSwHzRgNkXf/$_84.JPG
57,Schaal (1) - Porselein - Chinese Porcelain Bowl with Cover,Zie omschrijving,"Chinees porseleinen kom met deksel voor Thaise markt (Bencharong) / Qing-dynastie  7,5 cm hoog 12,2 cm in doorsnee  Over het algemeen goede staat zoal",https://www.2dehands.be//a/antiek-en-kunst/antiek-overig/a72008302-schaal-1-porselein-chinese-porcelain-bowl-with-cover.html?c=08c285449651fa109c354bbabe740c1b&casData=-SG3vzP6eazC63twNHkiH__ZzIjxQPY5aa3qM4sy8dwurJxWqmKdWtMCg5qqJhf9kZadiYgTF9akXlf1jdElzo1JOnWxnm0PWx9Nu1TBlzIItUW5Co4edVqngIh3z6p4r7VitdeojMDvsDrQYzjURQ89ExRCr-hrtbYy3CFMfSI-ca5KMtEJs5BZcTTvvljnucGHBdwZyMwjA3CxazhlH2N9OONBRqqk7jfMr63Dr-aeMydj6-X1HkC6b28RuOHAc4hybgzFhOWQxcbb0_vgC9d2EQRE8J-2EusjBnidCBANTA6bbOxw4uzSMwYkDtVoVDhNldQvmTsgOeNFCAmFXTYZVNT-PlB3y3O8r0HjCwAtGIqW5c7bEylW_se_uwZyzXIEwoJhThiLR60nFKVBG3sZ56HGJThv4E1Q-KGF4GW2itSPNn2JRlMA3op4VmUUG0sG1YGvgxuK2_nCHAdQNqqj6LRc80Dx2nIzsLvTbblwdm-5-dQjLzi-m0ZjTknH9GjzF_aszRKoaCnIEy35CJEktev5T7nVFIRqBubv7LSBRuaURRM2Fz36IlJVRyVzugAyW1GKCxvIrncq2vtAnDaAVSvgnMxzbO1KPvIo9Dc&previousPage=lr,https://i.ebayimg.com/00/s/NDcxWDcwMA==/z/fu4AAOSw6LRgNnOM/$_84.JPG,https://i.ebayimg.com/00/s/NDY3WDcwMA==/z/KzgAAOSwR5lgNnN1/$_84.JPG,https://i.ebayimg.com/00/s/NDc0WDcwMA==/z/308AAOSwZpJgNnNd/$_84.JPG,https://i.ebayimg.com/00/s/NDY2WDcwMA==/z/oGIAAOSwpqFgNnNr/$_84.JPG
58,Oude Franse porceleinen Soepterrine,"€ 10,00",Oude Franse porseleinen terrine.Diameter 24 cmDiameter 35 cm van handgreep naar handgreep.Hoogte tot hoogste punt 20 cm.Porcelein in goede staat.Kan o,https://www.2dehands.be//a/antiek-en-kunst/antiek-servies-los/m1671161385-oude-franse-porceleinen-soepterrine.html?previousPage=lr,https://i.ebayimg.com/00/s/NzY4WDEwMjQ=/z/IH8AAOSwYmVgNma5/$_84.JPG,https://i.ebayimg.com/00/s/OTIyWDEwMjQ=/z/z3YAAOSwctVgNma4/$_84.JPG,https://i.ebayimg.com/00/s/NzY4WDEwMjQ=/z/0aQAAOSwkSZgNma5/$_84.JPG,https://i.ebayimg.com/00/s/NzY4WDEwMjQ=/z/OuIAAOSwkPlgNma5/$_84.JPG
59,antiek chinees porselein thee servies,Bieden,Gaaf porselein servies minstens 100 jaar oud. Heel fijn en licht. Frisse kleuren met goud. 8 grote kopjes en twee kleine. 2 kannen en pot. Schaaltje. ,https://www.2dehands.be//a/antiek-en-kunst/antiek-keramiek-en-aardewerk/m1671126852-antiek-chinees-porselein-thee-servies.html?previousPage=lr,https://i.ebayimg.com/00/s/MTAyNFg0OTg=/z/cdAAAOSwwlVgNlaW/$_84.JPG,https://i.ebayimg.com/00/s/MTAyNFg0OTg=/z/yJoAAOSwpe5gNlaY/$_84.JPG,https://i.ebayimg.com/00/s/MTAyNFg0OTg=/z/Iy4AAOSwsbhgNlab/$_84.JPG,https://i.ebayimg.com/00/s/MTAyNFg0OTg=/z/~p0AAOSwQndgNlac/$_84.JPG
60,DRESDEN PORSELEIN - ANTIEKE VAAS - HANDGESCHILDERD,"€ 42,00",Vaas porselein - DRESDEN19de eeuwHandgeschilderd21 cm hoogchipje onderaan - zie foto,https://www.2dehands.be//a/antiek-en-kunst/antiek-vazen/m1671111599-dresden-porselein-antieke-vaas-handgeschilderd.html?previousPage=lr,https://i.ebayimg.com/00/s/MTAyNFg3ODI=/z/Yv0AAOSw~llgNk9M/$_84.JPG,https://i.ebayimg.com/00/s/MTAyNFg3OTQ=/z/BIwAAOSwJDhgNk9M/$_84.JPG,https://i.ebayimg.com/00/s/MTAyNFg1ODI=/z/TDIAAOSw4DxgNk9K/$_84.JPG,https://i.ebayimg.com/00/s/NzY5WDEwMjQ=/z/j54AAOSwGLZgNk9J/$_84.JPG
61,Vaas (1) - Porselein - Birds and flowers 58 cm h. - China -,Zie omschrijving,"Een fijne en grote famille rose vaas uit de Republiek-periode met vogels en bloemen, kalligrafische teksten op de achterkant. 58 cm Conditie: uitsteke",https://www.2dehands.be//a/antiek-en-kunst/antiek-overig/a72008301-vaas-1-porselein-birds-and-flowers-58-cm-h-china.html?c=08c285449651fa109c354bbabe740c1b&casData=tk5gbLQqP_XZckwGoUqm8FEF9Cb1BgXTi6GW1BS7EefCDGARUuf8eqzKL9lrvLkhgFA9qgR7Hxt-sNdQsgQ_ldc8Rf8ir3aeICYLMp-gCYYO9J3LLnTn7WHiHU4SV_kaUeg7YDnka4a0sl4nKnJhyWSFUISXQEDc0Nkv4zOYaHyy1dqnffBmSCGZvpGDsr_a0tVB2m5Ef-1VcMIFY4BArgP2uC87yJl5E1HdXF_U_DDmZGhNkrR49rSmk9xlDQ4Zhboig-XNTpi8Px0YObHakDbRJh1Svlt0GVGCkKTnVERvXyzRHOclUgmUWbMYQ3X8bOyPe_by0CpE6hpJ7qoP_GvqWL5q3z3HMoN-xv1k9PoJ3cyiGvNrho-4NmwO0B3sSUfnB4kpaL7ksW-7BJ3R2Xl_lev7iqRM8KrqkAsjEPfUTrB5JKYDss8Ka0w4Krh0I7UPnZGKLcrPt-qGoUAdIodSxZYQwwmcda3NxhCDFQScZ32DpRgNcENOtzp-yxYwiOQwbpDPz-sPKCd211kQGWmgy77EuUWkL1x1r0QZ1cNKSXVFQXj13J7Ks6p_UvsaGarCWQMf2cTWuXTzOGIl1Coi2qPc5ScROapc6x5jVu4&previousPage=lr,https://i.ebayimg.com/00/s/NzAwWDUyNQ==/z/TcgAAOSwwkhgNnOg/$_84.JPG,https://i.ebayimg.com/00/s/NzAwWDUyNQ==/z/3r0AAOSw-IlgNnNd/$_84.JPG,https://i.ebayimg.com/00/s/NzAwWDUyNQ==/z/zS8AAOSwK2xgNnOL/$_84.JPG,https://i.ebayimg.com/00/s/NzAwWDUyNQ==/z/-0UAAOSw8kFgNnN1/$_84.JPG
62,Vintage porseleinen mand Sarieguemienes,"€ 10,00","Porseleinen retro mand, 32 x 13 x 11 hoog (gemeten zonder handvat), in mooie staat, liefst ophalen",https://www.2dehands.be//a/antiek-en-kunst/curiosa-en-brocante/m1671095857-vintage-porseleinen-mand-sarieguemienes.html?previousPage=lr,https://i.ebayimg.com/00/s/NzY4WDEwMjQ=/z/kaYAAOSwVQhgNkfl/$_84.JPG,https://i.ebayimg.com/00/s/MTAyNFg3Njg=/z/gOcAAOSwkmVgNkf8/$_84.JPG,https://i.ebayimg.com/00/s/MTAyNFg3Njg=/z/H-0AAOSwjIpgNkgC/$_84.JPG,https://i.ebayimg.com/00/s/NzY4WDEwMjQ=/z/DcoAAOSwOK9gNkgJ/$_84.JPG
63,Soepkom met deksel  in porselein van Limoges,"€ 30,00",Soeppot ( h=20 cm) + Groentenschaal (diameter=29cm) wit in Bernardaud Porselein van Limoges . In perfekte staat .Enkel afhalen na telefonisch contact ,https://www.2dehands.be//a/huis-en-inrichting/keuken-servies/m1671052674-soepkom-met-deksel-in-porselein-van-limoges.html?previousPage=lr,https://i.ebayimg.com/00/s/NzY4WDEwMjQ=/z/HxYAAOSwvedgNjCu/$_84.JPG,https://i.ebayimg.com/00/s/NzY4WDEwMjQ=/z/jk4AAOSwLCdgNjC6/$_84.JPG,https://i.ebayimg.com/00/s/NzY4WDEwMjQ=/z/u8IAAOSwPEBgNjDK/$_84.JPG,https://i.ebayimg.com/00/s/NzY4WDEwMjQ=/z/pRMAAOSwm9dgNjDZ/$_84.JPG
64,eetservies voor 12 personen met bloem,Bieden,Porseleinen eetservies,https://www.2dehands.be//a/verzamelen/porselein-kristal-en-bestek/m1670215351-eetservies-voor-12-personen-met-bloem.html?previousPage=lr,https://i.ebayimg.com/00/s/MTAyNFg1NzY=/z/mCYAAOSwwUhgM5FQ/$_84.JPG,,,
65,"Grote schotel, Standaard (3) - Hout, Porselein - Zeer grote",Zie omschrijving,"Een grote en zeldzame Nanking schotel gedecoreerd in Famille Verte email, uit de 19e eeuw, zeer opvallend en decoratief. Apocriefe Chenghua-markering ",https://www.2dehands.be//a/antiek-en-kunst/antiek-overig/a72008297-grote-schotel-standaard-3-hout-porselein-zeer-grote.html?c=08c285449651fa109c354bbabe740c1b&casData=4XV8TSliaIXRrmxB-jWLy8vKUhEskpBiIzyqfFvadkfvvJOj9QjjqKnyPALcpZ8C8lkx9PI_m13WRdMJYaBor5B1elgpnMX1fhgJCgo6an6TOwUl7SjIliS2QWhwn897zSFqH-02UqT4qta1mMpLtqEwPE1rTxUsOPq4OKD770gYoOkylGKAVZl4gH_Dna-v9KaDt821dnpwh55UVEYeb39NyI-vmSb7sLt4mf4JjnhxZuVy-wFelAtzAP0q_Xm29fa09BDVxioZRsK3Muz_bKJ0vUnzfonyAzVttw9ZzCueVxnu7kwjQFTJlJcmGdhOZlzFuUKtzOxr3AbFHAiyIsZYBM54mYwoD3fDW2_YqvjgpQlQc_t75Sp7hC7pNAKMUUnC9GaMAoW8Nc3IdiEQ7jvj6bsp7swl4BSq1h2y3DXAbWzCORHcvCG7jUjJv2zecgCzZ_p_Qs7sN9q7y-TLxtMEgTeKx__cFySOdT_P_csEh1OuMZ15VEmPhywGMaLKem65D-TwQASwEhbYjdqkaDf6bbYCG2M19GaSXXc6M3MXIgHBy5c26cy_AJyWFk63GJs97i0OGHBdD5JsH0A-MWzFqyV1rx4BMJRW94HEzng&previousPage=lr,https://i.ebayimg.com/00/s/NzAwWDYzNg==/z/pXAAAOSw5NZgNnOS/$_84.JPG,https://i.ebayimg.com/00/s/NzAwWDUyNQ==/z/FxEAAOSwLGpgNnOG/$_84.JPG,https://i.ebayimg.com/00/s/NzAwWDUyNQ==/z/NrgAAOSw3KtgNnOH/$_84.JPG,https://i.ebayimg.com/00/s/NzAwWDUyNQ==/z/~BoAAOSw9vdgNnN8/$_84.JPG
